AT,RH,WS,WD,RF,PM10,NO,NOx,SO2,NO2,PM 2.5
12.31,54.58,0.84,137.45,0,538.78,148.64,159.32,12.21,71.7,361.54
13.85,56.63,0.83,187.16,0,586.3,100.99,125.81,14.09,81.74,405.96
13.72,52.68,1.18,110.91,0,503.33,58.26,82,10.39,64.86,360.71
11.89,61.26,1.1,136.27,0,405.17,30.5,51.26,8.06,49.63,271.92
15.31,32.36,1.25,293.24,0,506.6,29.4,60.19,18.06,68.1,325.86
14.25,44.96,1.34,174.35,0.01,250.3,6.61,28.68,21.7,44,191.99
13.24,60.14,1.25,145.81,0,253.61,14.77,36.47,12.12,45.95,184.67
13.92,37.29,1.38,110.21,0,230.76,10.72,34.72,12.01,49.04,165.66
14.22,27.31,1.54,111.82,0,227.12,6.85,32.69,12.64,50.96,152.71
13.61,29.24,1.1,102.89,0,240.42,36.55,59.78,12.62,56.38,171.46
12.38,59.11,0.69,135.62,0,360.75,78.72,100.17,14.55,68.96,280.35
13.72,54.55,0.7,156.57,0,340.62,76.26,110.12,10.81,90.16,297.38
15.75,43.06,1.26,176.51,0,326.79,30.27,54.16,13.43,55.45,292.79
13.6,9.27,1.98,116.57,0,133.01,2.17,22.05,9.78,38.18,90.4
11.87,7.04,1.45,111.1,0,186.19,39.59,60.68,13.48,53.39,156.19
11.97,49.27,0.7,178.18,0,360.45,118.31,140.79,19.9,83.33,352.91
12.98,40.98,1.06,131.53,0,293.77,39.58,62.78,11.7,57.35,340.89
12.93,48.53,1.07,115.99,0,226.22,56.18,83.23,12.21,70.37,262.98
14.58,48.4,0.9,187.91,0,,125.24,143.36,13.32,77.56,281.47
17.43,47.16,0.73,186.39,0,490.08,169.64,197.82,17.66,111.92,405.21
17.15,30.33,1.88,252.31,0.02,344.78,59.48,80.81,19.59,60.75,224.84
14.88,69.75,1.93,244.95,0.32,,2.67,21.54,8.86,36.5,58.86
13.47,67.19,1.14,114.73,0,,29.33,46.24,10.79,42.95,122.83
14.97,37.49,1.52,140.22,0,,9.81,25.43,9.45,33.26,109.86
13.86,39.98,1.68,131.47,0.02,48,2.45,18.88,11.03,32.04,71.59
12.72,25.79,1.77,117.3,0,,2.17,18.16,14.16,30.81,94
11.7,8.96,1.66,97.53,0,,4.29,25.09,14.21,40.6,143.5
12.44,0.53,1.77,101.9,0,,4.98,25.01,12.73,39.38,122.25
12.8,0.65,1.49,101.76,0,219.58,19.37,41.56,16.49,48.45,152.71
13.36,8.51,1.15,107.67,0,324.12,48.89,71.94,21.77,60.3,242.23
15.49,20.31,1.54,240.15,0,330.69,41.55,68.08,30.41,64.32,264.13
15.67,23.99,1.43,170.8,0,312.58,9.97,34.1,16.97,48.82,222.25
12.34,71.65,1.7,79.8,0,265.67,4.68,23.69,6.46,37.38,186.88
13.17,70.63,1.39,121.53,0,209.08,29.75,43.78,7.1,36.72,129.38
13.92,60.47,0.99,136.5,0,260.42,78.04,92.91,9.18,55.05,150.62
16.65,46,0.94,222.46,0,371.1,107.92,128.34,19.31,75.88,292.15
18.59,42.05,1.64,268.09,0,301.25,49.97,71.85,14.18,58.5,192.46
16.6,58.12,2.55,251.64,0.43,107.17,3.9,23.53,7.35,38.25,67.04
13.85,40.84,1.48,93.48,0,129.62,14.04,33.19,8.2,40.89,62.54
13.98,20.83,1.84,89.86,0,153.04,9.91,29.78,9.48,40.8,80.95
14.24,35.26,1.26,94.97,0,231.21,33.61,56.4,13.57,54.52,126.83
14.34,46.77,1,143.22,0,252.08,66.52,82.11,12.29,52.42,136.46
16.26,44.73,0.95,146.75,0,337,58.92,80.71,18.11,61.45,206.75
18.06,45,0.91,247.7,0,345.04,74.51,106.63,15.36,86.27,207.42
17.4,38.12,1.85,243.28,0.05,255.67,32.6,62.84,13.98,68.18,193.22
16.69,47.5,1.5,126.61,0,191.25,8.66,30.68,12.72,44.4,141.38
15.4,71.83,1.72,70.74,0,161.58,5.1,25.36,7.54,39.85,121.3
15.88,51.56,1.58,85.4,0,160.99,14.27,38.6,9.84,50.7,97.29
18.48,19.94,1.72,235.67,0.03,216.31,26.51,58.32,16.07,69.04,110.16
18.48,44.21,1.22,192.91,0,248.33,28.12,60.16,15.26,70,154.93
18.72,32.65,1.27,216.12,0.01,201.76,16.65,43.56,16.29,56.36,118.34
21.15,18.83,1.27,230.49,0,254.66,48.93,70.61,23.95,57.76,104.1
18.69,40.98,2.39,79,0,136.14,16.44,29.93,7.27,31.08,73.97
16.42,12.22,2.44,78.02,0,96.49,2.57,18.56,9.69,30.96,51.99
17.07,3.28,1.48,85.59,0,137.76,5.25,23.46,12.4,36.07,82.31
16.56,37.26,1.28,161.03,0.04,191.36,16.12,37.59,15.39,45.97,94.38
15.46,22.7,1.46,209.03,0,148.39,15.57,34.57,13.15,41.13,67.72
12.1,70.58,1.51,105.8,0,88.59,6.38,21.15,10.06,30,56.09
14.24,39.16,1.54,95.9,0,152.75,25.89,39.71,9.58,34.97,87.21
15.72,32.25,1.53,112.34,0,186.91,28.12,45.55,11.48,42.53,104.42
15.38,34.69,0.98,209.2,0.08,204.54,40.6,63.84,16.93,57.78,119.46
17.06,47.52,1.26,223.91,0.01,127.92,15.31,33.42,15.44,39.36,80.04
17.97,46.38,1.46,100.19,0,149.21,28.9,40.11,8.71,31.12,91.79
17.49,37.96,1.65,72.5,0,117.17,7.79,25,10.94,35.07,67.29
18.02,26.5,1.42,90.4,0,132.12,12.08,29.34,10.92,36.67,72.16
18.35,34.92,1.23,149.58,0,220.83,58.04,69.02,12.19,40.78,102.17
18.85,28.01,1.64,122.27,0,182.95,22.2,39.01,12.88,39.31,96.71
19.35,14.77,2.31,97.58,0,142.63,4.12,19.39,12.71,30.12,66.79
19.84,6.88,1.57,104.28,0,161.51,4.11,21.32,12.78,33.78,73.96
22.39,3.67,2.19,231.28,0,276.74,4.36,28.68,16.28,47.22,95.96
19.86,31,2.17,100.07,0,108.38,2.32,13.37,9.06,21.57,50.5
18.93,1.04,1.39,111,0,232.75,8.6,28.42,19.11,40.25,94.54
17.05,40.93,2.14,120.47,0,201.44,15.05,29.89,12.19,33.13,114.44
18.26,34.45,1.89,100.63,0,121.58,15.25,27.69,12.76,28.7,72.67
19.64,6.59,1.76,85.11,0,129.15,2.73,16.19,10.65,26.24,77.04
20.59,8.64,1.59,93.59,0,171.16,9.72,27.92,15.37,37.59,93.21
20.48,28.95,1.18,100.54,0,205.03,17.85,36.43,16.68,41.1,111.8
22.33,20.72,1.3,156.47,0,236.99,49.23,66.29,16.21,49.18,100.43
25.53,0.5,1.81,229.2,0,283.68,24.22,46.3,23.63,49.92,102.41
23.59,10.18,1.84,104.45,0,190.26,4.02,14.97,15.05,21.98,104.62
22.73,0.51,2.36,88.71,0,109.77,1.95,12.64,13.56,20.77,31.48
23.27,0.51,2.38,73.23,0,139.93,1.85,15.7,11.95,26.69,54.7
23.65,0.78,2.06,78.79,0,123.81,3.77,16.72,17.48,25.65,46.88
22.23,0.82,2.26,87.4,0,146.67,3.65,17.13,13.22,26.61,66.78
22.56,20.67,1.77,81.27,0,158.11,5.67,20.51,14.56,29.86,73.63
23.59,3.38,1.51,97.14,0,168.25,17.76,33.75,15.2,36.23,72.66
25.12,24.49,1.08,158.68,0,277,71.18,84.07,18.18,48.95,131.49
27.04,29.12,1.28,125.83,0,202.45,28.27,47.75,13.99,46.46,85.12
28.73,27.75,1.24,168.63,0,242.6,28.58,47.99,17.51,46.43,99.46
28.79,0.51,2.6,95.12,0,168.3,5.67,16.29,13.31,21.93,48.03
26.02,0.5,2.09,77.68,0,155.1,2.17,16.53,12.99,27.74,44.33
25.7,8.18,1.31,127.44,0,235.38,30.66,49.08,18.69,45.28,97.22
26.72,0.54,1.41,125.15,0,215.73,31.72,48.58,13.52,42.7,85.62
28.12,13.98,1.01,162.97,0,271.66,23.41,46.62,22.26,51.78,118.2
29.29,0.58,1.12,187.65,0,247.32,33.99,55.26,27.27,51.8,126.81
30.75,0.51,1.31,147.77,0,341.56,12.44,32.06,24.66,41.2,116.17
29.15,8.86,1.68,225.93,0.02,353.85,9.06,26.06,19.69,35.1,162.54
28.01,0.53,1.4,199.65,0,302.37,6.84,28.33,19.13,42.77,93.42
28.8,0.51,1.11,205.01,0,272.94,19.02,39.14,22.09,44.42,105.86
30.09,12.63,1.56,107.2,0,225.29,13.14,29.53,15.49,35.36,90.85
30.62,0.5,1.53,111.54,0,194.06,8.35,23.98,16.26,32.3,64.85
29.44,0.51,2.19,121.44,0,241.04,5.06,17.47,14.22,25.1,64
29.8,0.51,2.61,100.25,0,194.06,5.83,17.44,13.78,23.86,56.16
30.56,0.52,2.11,91.96,0,187.59,2.44,14.68,15.56,23.86,48.01
31.66,0.52,1.81,95.42,0,176.14,24.65,35.78,12.84,29.48,40.16
25.66,0.51,2.81,208.33,0,155.65,4.05,16.02,10.27,23.92,46.44
23.52,0.5,2.58,272.19,0,76.97,2.53,16,10.29,26.2,27.36
24.28,14.6,1.39,120.98,0,94.31,2.58,15.67,12.29,25.49,41.83
26.29,0.51,1.26,113.51,0,143.26,13.46,30.56,15.08,36.81,63.38
27.91,0.52,0.89,143.91,0,206.58,32.06,54.68,41.15,53.67,99.26
29.44,0.53,1.09,102.98,0,242.01,40.78,59.38,15.23,49.13,102.18
30.56,5.57,1.14,108.23,0,240.08,16.79,36.52,20.1,42.94,103.8
32.9,0.53,1.34,244.98,0,286.67,45.29,65.15,19.58,53.06,102.77
35.24,0.52,1.55,221.37,0,275.86,1.65,21.02,17.67,36.99,87.04
33.74,0.51,1.97,223.66,0,274,2.05,17.58,17.04,29.91,81.46
32.45,0.52,1.57,85.39,0,227.67,3.4,18.82,16.29,30.16,80.42
33.61,0.56,2.49,80.75,0,306.83,2.71,15.96,15.15,25.87,56.08
33.25,0.55,2.12,77.72,0,304.67,4.1,19.59,15.68,30.57,62
33.09,0.57,1.38,109.29,0,265.54,22.18,38.39,17.64,38.14,66.96
35.57,0.51,1.85,240.92,0,315.5,19.1,39.62,22.93,45.22,86.42
33.52,0.52,1.22,140.89,0,330.74,11.83,31.38,24.48,40.87,103.29
32.45,0.51,2.69,173.85,0,319.27,4.21,15.37,14.2,22.45,66.92
30.65,0.51,1.77,174.38,0,141.75,3.51,18.88,12.43,30.1,49
29.62,0.53,1.75,128.13,0,205.6,20.75,38.55,16.86,40.66,83.62
34.52,0.55,2.07,132.64,0,202.08,24.48,41.33,10.85,40.17,60.36
31.7,0.53,1.61,114.75,0,297.38,82.35,96.06,15.96,54.39,137.35
31.87,0.54,1.22,156.6,0,370.56,100.63,111.51,14.04,55.4,126.73
33.24,0.54,1.62,82.7,0,391.57,57.58,72.4,16.32,47.86,138.08
34.4,0.54,1.77,97.86,0,348.25,30.28,51.3,17.97,50.03,124.2
35.18,0.54,1.85,91.53,0,316.52,5.87,20.92,13.13,30.26,87.55
32.32,0.56,1.63,89.51,0,275.96,4.58,19.37,16.24,29.41,101.29
31.49,0.56,1.87,100.78,0,315.66,8.18,24.75,12.39,33.99,165.81
31.27,0.54,1.88,120.08,0,276.9,4.02,20.17,24.38,31.76,141.71
29.43,0.54,1.28,114.19,0,118.33,3.91,16.75,11.57,25.49,58.08
28.56,10.1,1.43,195.28,0.18,212.83,23.19,43.41,22.2,46.07,100.54
28.76,4.99,1.73,159.46,0,203.17,24.19,40.67,11.46,39.38,79.38
27.6,6.61,1.75,169.77,0.12,220.46,36.36,48.53,9.72,35.5,91.31
27.3,24.45,1.65,81.47,0.01,70.21,2.11,15.24,8.57,25.42,35.38
30.9,0.52,1.44,62.49,0,135.04,4.79,23.82,15.65,37.43,99.9
32.26,0.53,1.34,106.9,0,202.22,23.42,42.58,15.66,44.15,46.94
33.73,0.55,1.4,99.3,0,184.33,15.57,34.83,15.91,41.6,80.12
32.46,0.51,1.07,165.04,0,194.46,38.96,58.18,14.27,49.66,66.58
31.38,1.46,1.2,179.81,0.05,245.43,55.25,69.46,17.91,45.89,114.46
28.28,17.8,2.52,115.79,0.01,107.67,7.05,20.81,10.27,28.32,38.33
31.32,0.55,2.17,68.65,0,105.06,1.86,12.37,9.97,20.38,34.6
32.14,0.55,1.77,74.14,0,120.32,1.79,13.96,13.62,23.5,45.12
33.64,0.55,1.52,121.82,0,167.7,12.06,30.56,14.79,38.97,64.18
34.1,0.55,1.55,82.65,0,170.79,14.18,35.88,13.88,45.7,54.24
34.87,0.54,1.21,97.89,0,184.57,18.38,37.97,19.58,43.22,63.2
35.8,0.53,1.2,158.74,0,237.08,62.61,76.5,16.73,47.87,74.62
36.52,0.51,1.24,146.53,0,332.79,32.03,49.29,16.8,43.58,71.46
35.85,0.5,1.22,218.37,0,330.33,51.05,65.42,24.34,44.73,103.92
36.63,0.5,1.65,225.7,0,233.33,1.27,13.46,16.91,23.34,70.14
35.06,0.5,2.14,243.94,0,314.67,1.36,14.29,16.77,24.78,55.62
35.17,0.51,1.79,229.46,0,208.67,1.43,14.96,17.51,25.92,71.67
36.89,0.51,1.36,229.79,0,241.33,7.61,25.74,19.52,36.72,75.44
36.04,0.51,1.65,201.58,0,223.47,7.74,25.16,16.41,35.44,62.84
33.56,0.51,1.86,206.11,0,175.84,2.3,16.39,15.42,27.28,57.71
34.13,0.51,1.46,259.7,0,195.7,10.86,33.92,13.29,47.12,76.43
38.94,0.52,1.31,158.72,0,207.38,18.23,32.57,20.78,33.29,91.97
36.33,0.52,1.38,189.56,0,253.31,74.12,88.61,12.18,52.97,66.05
37.78,0.54,1.78,149.04,0,319.86,43.21,58.41,13.65,43.57,110.29
35,0.51,2.23,211.9,0,230.05,2.84,12.04,10.71,18.27,50.25
35.64,0.53,1.57,209.72,0,188.89,4.87,19.28,13.2,28.79,47.91
36.32,0.53,1.74,82.62,0,197.16,7.45,20.78,10.74,27.65,46.18
36.57,0.53,1.88,128.49,0,276.24,12.33,28.04,14.62,33.83,72.49
32.39,0.52,2.55,81.65,0,162.94,1.44,9.31,8.38,15.29,33.64
31.29,0.51,2.48,58.77,0,151.78,2.33,12.7,9.59,20.31,33.25
26.75,32.1,2.31,127.58,0.34,61.8,12.35,21.44,6.49,21.38,21.99
30.66,19.83,1.66,170.13,0,225.24,9.47,22.29,13.87,27.4,73.56
32.08,3.33,1.63,238.36,0,151.54,6.62,18.83,10.4,25.24,46.02
33.8,0.51,1.12,167.34,0,177.8,5.32,21.15,12.83,31.6,62.34
34.47,0.55,1.46,125.72,0,180.2,3.13,16.5,16.55,26.21,61.59
34.3,0.5,1.8,227.05,0,144.1,1.45,10.72,13.68,17.94,38.94
30.87,0.51,1.74,207.92,0,95.87,1.57,10.45,12.31,17.24,27.82
33.33,0.52,1.05,146.02,0,138.71,1.72,11.67,16.18,19.3,61.92
35.12,5.67,1.51,93.4,0,188.92,2.74,13.44,16.76,21.07,91.83
33.85,0.53,1.78,104.57,0,231.26,8.06,21.43,13.01,27.94,59.71
34.58,0.54,1.67,81.89,0,244.93,10.29,21.53,12.41,24.69,58.02
36.65,0.55,1.45,109.23,0,286.86,5.61,17.49,9.98,24.28,51.18
36.32,0.54,2.04,109.04,0,254.6,8.97,16.91,9.91,18.03,61.14
35.59,0.68,1.21,112.15,0,197.1,2.42,11.75,11.48,18.38,55.23
34.33,0.53,1.98,128.44,0,232.04,2.35,10.02,12.28,15.23,62.32
34.74,0.51,1.54,254.43,0,135.67,2.18,13.43,11.62,21.89,37.29
30.57,41.14,1.96,209.88,0.09,80.04,3.47,13.29,8.43,19.67,35
29.65,41.08,1.72,180.03,0,106.38,6.88,19.98,15.98,27.02,58.29
30.88,39.31,1.42,241.87,0,100,8.99,21.01,11.47,25.71,42.52
,0.51,1.45,202.92,0,150.19,2.46,20.49,10.06,34.76,47.96
33.95,23.34,1.57,240.68,0.14,119.08,5.2,17.92,8.99,25.72,44.58
30.56,24.51,1.46,153.76,0,206.59,4.34,15.15,9.37,21.82,73.83
32.84,14.15,1.78,170.71,0,272.47,4.75,13.44,7.87,17.99,74.08
33.27,22.32,1.53,128.36,0,268.14,5.13,14.42,9.23,19.26,94.08
33.83,0.54,2.18,153.99,0,306.84,2.9,10.14,8.57,14.6,65.6
34.52,0.51,1.9,298.18,0,277.72,8.26,22.97,9.68,30.54,67.08
31.59,40.12,1.78,197.91,0.31,156.31,4.37,16.85,8.99,24.98,45.24
28.94,48.42,2.07,166.1,0.01,71.03,2.52,10.34,8.91,15.57,27.5
27.3,69.29,1.29,134.09,0.39,58.59,2.92,13.81,7.56,21.49,30.96
26.76,65.68,1.15,263.56,0.1,82.89,18.59,34.28,7.31,35.95,28.85
27.33,32.61,1.02,188.33,0,174.21,37.87,47.89,10.35,31.97,61.5
30.97,37.4,1.36,206.37,0.02,117.88,5.3,20.9,7.62,31.17,46.71
30.65,63.68,1.21,212.29,0,127.5,18.26,31.93,9.06,32.05,53.42
30.04,60.41,1.14,174.69,0,153.25,17.91,28.78,9.56,26.67,80.65
30.54,38.01,0.89,159.56,0,185.12,19.4,35.51,11.49,37.03,109.92
32.86,59.6,1.4,199.78,0,151.69,23.13,38.54,8.34,37,64.37
31.31,74.99,1.37,197.93,0,77.11,5.49,17.97,7.93,25.36,33.4
28.18,81.02,1.5,193.34,0,81.26,4.24,12.97,8.79,17.88,36.81
28.05,88.96,1.21,193.17,0,57.54,3.55,13.91,9.13,20.7,38.14
27.81,52.55,1.51,224.03,0,52.88,3.79,13.32,10.5,19.23,23.35
29.84,30.38,1.3,209.23,0,87.65,3.68,13.48,10.48,19.69,38.39
31.44,20.32,1.3,177.35,0,87.49,2.96,11.68,10.06,17.42,32.43
30.69,3.81,1.35,190.39,0,91.94,2.85,11.88,10.17,17.95,34.07
31.02,1.61,1.34,233.76,0,94.15,3.01,14.09,10.22,21.88,35.04
32.16,28.97,1.59,192.73,0,81.51,3.48,13.32,7.38,19.69,28.28
30.41,83.4,1.12,174.39,0,105.27,5.31,16.89,10.79,23.61,46.16
29.08,62.87,1.07,186.33,0,99.89,8.01,19.3,10.77,24,39.27
30.22,66.02,1.14,233.32,0,123.99,17.5,30.89,11.57,31.23,46.31
30.47,91.44,1.26,216.91,0.6,55.22,8.61,20.07,8.47,24.53,22.71
27.86,41.42,1.04,153.35,0,88.5,7.81,16.53,9.51,19.09,34.33
30.01,30.77,0.96,193.54,0,118.25,6,16.1,12.93,21.07,45.21
32.64,0.5,2.14,200.62,0,76.58,2.25,8.56,9.26,12.65,20.71
31.55,33.48,2.03,244.47,0,53.17,2.8,11.52,8.35,17.34,15.67
30.38,21.19,1.62,273.84,0,62.29,3.43,13.16,8.52,19.48,23
32.1,21.25,1.34,258.66,0,44.67,7.79,18.3,6.98,22.47,14.83
30.91,68.96,1.72,151.84,0.04,50.21,11.38,19.73,7.25,19.65,17.79
29.81,73.11,1.09,138.12,0.06,54.18,11.25,21.33,7.13,22.88,31.31
29.47,72.68,1.56,154.54,0.15,50.54,4.78,10.25,7.66,11.96,20.71
30.71,72.61,1.74,202.3,0.03,44.62,2.26,8.29,7.37,12.11,15.38
29.65,82.55,2.38,247.46,0.09,21.04,4.66,11.12,6.97,13.77,9.67
27.3,84.13,1.4,176.41,0.85,22.62,5.14,12.02,6.33,14.72,12.3
26.84,76.99,1.1,105.49,0,82.11,19.89,27.03,7.32,20.33,37.03
29.3,75.24,1.69,83.15,0,71.71,12.76,18.14,6.38,14.54,31.33
29.7,73.16,1.62,107.74,0,116.88,12.87,22.18,6.98,21.99,40
30.46,75.48,1.17,172.45,0.11,126.33,24.78,36.32,7.38,30.29,45.62
29.1,73.38,0.93,197.14,0,123.17,52.44,56.48,6.93,25.78,43
30.39,77.28,1.1,197.15,0,138.38,64.81,66.81,7.96,26.25,57.83
29.46,79.6,1.13,209.38,0.4,68.12,5.07,14.43,7.35,19.37,39
28.07,72.63,1.2,192.15,0.01,87.04,7.36,15.69,8.76,18.22,39.18
30.34,71.3,0.8,164.83,0,116.44,18.64,24.5,10.38,17.5,50.62
31.21,61.54,1.16,193.55,0,86.07,3.44,12.76,9.48,18.72,31.58
34.37,65.9,1.47,247.29,0,86.38,4.42,14.43,9.52,20.37,29.92
32.8,70.39,0.91,160.12,0,99.62,10.4,20.59,11.09,22.77,45.92
32.22,70.73,0.97,228.73,0,121.75,11.81,24.85,8.71,28.62,56.5
32.06,75.41,1.41,216.86,0.05,76.71,4.79,13.34,8.14,17.74,30.17
29.35,70.56,0.96,161.63,,77.29,5.3,12.45,8.82,15.28,32.42
31.26,70.85,0.9,125.49,0.01,94.33,9.17,17.25,8.38,18.38,43
32.42,70.7,1.15,177.12,0.01,137.12,8.41,19.73,10.94,24.2,58.21
32.24,67.3,1.18,220.49,0,96,3.76,13.18,13.64,19.03,35.25
32.53,67.25,1.28,231.56,0,102.46,6.04,15.15,11.8,19.23,39.42
32.72,70.04,1.41,239.26,0,86.2,7.98,17.4,10.84,20.49,34.93
31.86,68.1,1.39,135.48,0,67.17,2.8,7.91,10.47,10.55,25.38
32.26,67.29,1.39,90.89,0,90.79,2.51,7.69,8.53,10.59,38.5
32.76,64.15,0.95,77.57,0,104.38,3.58,9.78,8.51,12.89,47.92
33.19,63.96,0.95,209.07,0,134.71,14.37,22.98,10.09,21.19,61.25
33.52,65.44,1.61,264.33,0,113.54,6.18,15.9,11.16,20.41,44.29
33.1,63.54,1.37,243.1,0,79.67,3.97,12.19,11.18,16.84,31.54
33.09,64.79,1.62,207.24,0,60.17,2.36,8.03,11.83,11.45,22.33
32.34,69.92,1.09,210.63,0,66.83,10.66,16,9.47,13.73,31.12
31.45,67.16,1.17,149.96,0,109.96,15.47,20.92,9.58,15.61,51.29
32.34,61.94,1.26,173.87,0,107.42,5.54,14.39,9.37,18.56,47.96
32.72,60.08,1.69,237.21,0,93.29,2.57,11.15,11.29,17.03,30.17
31.94,64.61,1.57,228.65,0,65.71,2.5,9.08,12.74,13.23,17.62
30.69,64.58,1.11,209.26,0,124.96,8.08,15.95,12.21,17.6,49.62
31.15,71.24,1.29,227.2,0.44,90.42,20.02,26.74,9.83,19.58,34.15
30.23,74.64,1.21,234.36,0.06,82.79,19.83,25.58,8.98,17.69,27.33
28.59,69.13,1.12,189.93,0.01,75.12,5.67,12.8,11.12,15.37,31.75
29.81,69.18,1.29,218.33,0,79.06,14.73,21.01,8.89,16.92,25.79
29.98,65.98,1.45,222.67,0,76.07,6.22,13.37,9.36,15.59,21.17
30.66,65.71,1.38,210.17,0,77.08,4.32,10.37,11.18,12.87,25.16
30.86,68.27,1.47,187.75,0,47.29,2.45,6.91,8.02,9.24,10.52
29.83,69.73,1.49,172.02,0,62.81,3.17,8.43,8.74,11,15.41
29.42,70.58,1.47,209.6,0,49.36,3.24,8.55,10.07,11.12,9.79
28.98,69.19,1.39,255.21,0.18,88.23,3.82,11.11,11.25,15.04,32.13
29.44,68.84,1.35,267.98,0,101.42,7.61,15.15,10.18,16.8,37.75
29.79,68.53,0.94,189.53,0,94.38,16.1,20.19,9.36,13.28,34.79
29.75,66.86,0.99,147.35,0.05,137.08,6.31,13.44,10.87,15.59,51.83
29.97,71.06,1.87,116.99,0.01,89.58,6.84,12.86,8.68,13.7,35.17
28.28,65.37,1.71,86.4,0,85.83,6.2,12.82,7.51,14.6,32.87
28.28,65.45,1.54,83.12,0,142.71,3.82,11.92,8,16.54,58.12
28.62,65.07,1.78,70.72,0,130.46,2.15,9.26,7.41,14.11,53.71
28.62,62.31,1.27,73.1,0,106.92,4.34,13.07,8.54,17.93,38.75
28.3,62.56,0.99,168.8,0,174.62,10.41,20.92,11.92,23.37,70.33
28.8,64.4,1.09,94.92,0,202.54,4.38,16.98,11.92,25.21,96.17
28.43,65.2,0.87,107.37,0,188.04,27.77,36.47,10.91,26,91.62
28.38,64.97,1.13,134.37,0,200,21.01,31.51,11.66,27.02,96.42
28.75,65.62,0.9,109.41,0,251.88,20.62,30.66,11.6,26.05,124.04
28.43,66.8,1,147.32,0,229.46,50.02,57.75,10.66,31.9,104.65
28.49,64.27,0.86,189.91,0,273.69,47.68,60.5,11.6,40.67,120.95
29.26,61.73,1.05,224.1,0,322.84,31.49,45.67,15.72,37.58,137.54
29.87,55.68,0.95,231.42,0,304.64,4.39,23.57,25.1,37.58,123.63
30.49,55.19,1.64,215.48,0,224.7,4.25,20.19,17.19,31.44,90.08
29.9,61.87,1,97.13,0,159.78,9.3,23.07,10.33,29.11,70.25
28.16,59.77,1.25,93.44,0,192.92,12.22,24.29,12.24,26.92,84.29
27.73,59.33,1.23,107.92,0,231.71,14.55,28.01,13.38,30.36,101.13
27.02,59.23,1.23,126.26,0,206.08,36.55,48.01,12.31,34.24,83.25
26.83,63.85,1.06,175.79,0,259.46,61.52,70.93,13.62,39.07,105.75
26.66,65.05,0.82,107.59,0,313.57,23.98,41.34,16.12,40.97,158.17
27.21,60.09,0.87,159.89,0,283.75,16.7,33.88,18.71,38.09,113
27.34,67.34,0.79,209.72,0,274.62,53.71,66.73,10.36,43.13,119.05
26.58,67.06,1.18,175.9,0,320.92,61.22,73.37,10.76,44.11,144.58
26.42,67.75,0.69,199.62,0,400.47,39.64,56.75,15.89,45.94,253.87
26.31,72.04,0.56,169.05,0,454.71,39.43,59.93,11.7,52.25,212.54
26.22,71.64,0.64,190.52,0,475.24,91.3,104.57,11.65,56.64,223.73
26.58,71.47,0.7,164.05,0,521.06,130.4,136.99,11.67,57.68,239.53
25.93,67.31,0.79,147.59,0,559.08,52.7,74.88,10.83,59.99,258.16
26.94,69.69,1.01,147.5,0,484.08,38.35,54.85,9.78,44.32,227.56
26.39,75.17,0.9,109.57,0.01,694.41,28.93,49.01,8.4,47.81,411.65
25.54,62.64,1.3,71.9,0,438.76,16.65,33.89,10.23,38.22,230.18
26.7,60.19,1.21,89.94,0,325.99,38.7,53.81,12.02,41.83,170.31
26.33,60.21,1.15,293.08,0,289.82,89.63,106.55,8.44,62.96,114.14
26.21,67.73,1.09,161.86,0.01,314.69,14.13,35.07,10.15,44.29,192.18
24.5,66.78,0.96,82.1,0,227.81,10.94,29.47,10.02,38.64,136.11
25.45,59.57,1.52,84.55,0,223.98,9.94,25.46,10.73,32.63,135.59
25.67,56.49,1.12,76.89,0,298.53,13.12,31.78,11.45,39.64,194.89
24.63,59.76,0.98,102.49,0,368.41,32.14,49.96,12.49,44.66,250.41
23.64,63.9,0.84,111.82,0,510.94,38.45,62.39,11.97,58.38,373.83
23.24,66.71,0.76,121.87,0,522.45,50.48,76.99,13.95,67.36,380.85
23.79,70.9,0.55,147.52,0,501.91,62.77,93.05,12,78.74,341.16
24.1,68.36,0.97,108.61,0,473.08,40.08,59,11.21,49.49,352.88
24.67,61.89,1.91,71.48,0,269.66,7.64,24.78,9.52,34.88,155.28
25.4,57.29,2.08,55.86,0,157.47,4.08,20.07,9.59,31.46,96.29
25.38,63.71,1.31,80.88,0,172.65,28.54,46.47,9.95,43.61,116.08
24.06,66.91,0.82,166.65,0,223.56,85.39,98.67,10.42,54.62,143.07
23.17,68.85,0.51,161.56,0,328.29,91.91,113.43,11.53,72.39,210.98
23.03,69.01,0.57,131.91,0,297.04,37.07,64.13,10.91,63.75,196.89
23.08,66.09,0.76,148.84,0,302.94,67.61,92.11,12.19,69.54,192.04
23.59,60.52,1.3,57.97,0,201.62,14.66,36.82,11.07,46.75,122
24.61,59.96,1.37,64.29,0,159.79,6.39,26.27,9.85,39.59,91.48
24.96,62.75,0.77,116.45,0,204.79,26.49,43.22,11.32,40.66,114.75
24.28,57.81,1.4,139.1,0,236.22,17.11,35.23,16.48,40.02,114.39
25.26,66.38,1.28,132.41,0.01,143.74,16.96,32.96,10.41,35.97,66.32
24.13,71.76,1.96,184.41,0,66.64,7.77,21.44,7.73,28.38,39.43
22.87,72.89,1.39,99.14,0,83.3,9.25,22.68,7.66,28.49,51.98
22.46,76.6,1.15,76.83,0,157.58,25.58,40.25,8.94,36.47,103.08
21.77,70.94,0.99,96.76,0,191.12,26.74,41.14,8.44,36.35,122.17
20.93,69.29,1.08,120.24,0,244.18,42.29,55.37,9.5,39.26,137.21
20.41,65.55,1.11,168.29,0,249,69.65,80.46,10.38,44.52,115.88
20.51,68.15,0.84,184.32,0,301.62,70.31,80.45,10.04,43.48,157.25
20.26,72.42,0.69,139.42,0,353.33,36.28,52.89,9.77,43.84,228.32
20.27,74.95,0.93,140.52,0,346.58,50.97,63.91,11.98,42.02,221.35
20.92,74.27,0.61,167.38,0,282.2,46.57,59.92,10.75,41.28,179.97
21.08,73.66,0.83,142.46,0,299.16,99.93,106.44,10.53,46.94,200.14
20.77,72.5,0.84,160.3,0,291.16,90.68,97.92,9.31,45.09,184.14
20.27,73.73,0.66,168.45,0,369.59,81.08,89.94,9.51,44.82,232.53
19.99,73.85,0.64,220.24,0,525.24,80.38,91.68,11.69,49.17,316.14
20.13,68.02,1.44,187.49,0.2,480.7,14.42,32.48,15.12,38.96,314.28
21.69,79.13,1.56,162.92,0.06,121.41,5.89,21.49,8.32,31.36,97.21
20.66,77.33,0.86,117.67,0,113.5,16.67,33.37,9.08,37.19,69.12
19.79,76.84,1.19,87.46,0,142.92,21.68,35.96,8.08,34.37,90.41
19.76,81.72,1.66,54.8,0,115.88,6.99,20.4,5.47,27.63,81.78
17.67,79.18,1.56,101.47,0,130.96,15.58,26.2,5.79,25.38,91
17.25,74.47,1.35,73.38,0,231.62,13.73,28.96,5.84,33.39,155.17
18.14,81.69,1.13,216.49,0,458.54,46.93,62.57,7.91,45.7,303.08
16.96,80.99,0.88,122.82,0,485.49,42.81,59.1,6.73,45.49,329.08
17.91,80.44,1.24,67.03,0,351.92,21.84,37.33,4.59,36.7,232.46
18.67,83.26,1.79,69.07,0,185.29,8.58,22.4,4.76,28.95,127.75
17.13,81.79,1.39,91.01,0,230.83,14.56,27.18,5.45,28.77,149.82
16.22,79.87,1.06,125.74,0,390.78,25.52,39.8,6.32,35.72,230.78
16.71,82.22,1.82,74.88,0,233.34,15.53,27.36,4.67,27.64,130.25
15.55,78.1,1.6,84.82,0,291.27,5.8,20.52,5.59,29.69,175.72
15.53,76.97,1.26,101.86,0,389.88,8.79,24.19,5.59,32.01,224.17
15.46,83.85,1.09,105.9,0,382.66,28.6,40.45,6,32.21,218.05
13.59,77.96,1.02,116.07,0,440.15,7.43,25.42,5.91,36.38,244.27
9.23,87.6,1.16,155.83,0,541.57,41.66,55.58,6.08,40.64,316.14
7.99,74.49,1.03,211.14,0,389.59,28.22,43.89,11.13,39.26,233.6
9.06,76.04,0.64,132.8,0,462.53,48.64,63.25,10.59,44.35,289.17
9.91,73.74,0.58,116.36,0,351.68,39.38,55.65,10.28,44.28,214.32
11.26,71.97,0.8,194.48,0,277.38,56.69,69.68,10.69,44.11,163.93
11.96,72.64,1.03,106.07,0,323.08,83.36,92.2,9.34,45.55,205.12
11.56,68.58,1.36,146,0,260.56,18.46,36.85,8.25,40.98,162.46
11.52,71.48,1.4,176.9,0,245.76,25.51,42.45,8.69,40.7,157.67
11.55,73.56,1.06,203.45,0.01,226.43,11.09,31.02,12.05,41.33,149.69
12.11,84.94,1.15,122.01,0.18,145.88,10.69,26.89,7.45,34.16,118.12
11.24,80.41,1.78,69.22,0,114.21,5.72,18.37,5.35,25.78,79.75
9.8,76.33,1.52,62.58,0,192.14,14.7,31.92,6.82,37.47,119.83
10.07,68.87,1.09,88.17,0,223.75,28.66,45.21,9.1,41.08,124.33
10.65,71.35,0.77,157.54,0,339.62,90.87,100.65,8.95,49.95,183.88
11.31,73.27,1.74,235.05,0,367.25,55.43,71.51,9.03,49.49,225.83
11.82,80.84,1.93,85.14,0,151.99,5.89,20.41,5.61,29.34,116.92
10.96,78.5,1.76,87.78,0.01,156.48,7.75,23.26,8.16,31.85,107.77
10.9,82.69,1.42,97.09,0.1,182.46,8.16,23.26,8.08,31.21,137.06
10.53,83.89,1.37,77.72,0.09,130.08,10.74,24.66,6.29,29.91,101.02
11.12,83.76,1.24,101.44,0,149,11.32,26.83,6.41,33.09,108.77
10.43,79.64,1.62,63.17,0,188.07,8.98,23.13,5.5,29.74,126.23
10.02,81.14,1.08,101.22,0,237.28,26.26,40.03,6.55,35.01,151.67
10.52,79.09,0.99,203.88,0,419.96,83.17,90.89,9.4,43.4,259.9
11.2,81.5,1.34,73.79,0,237.91,26.36,42.19,6.81,38.9,167.14
10.53,62.04,2.19,51.96,0,126,4.85,22.15,7.12,34.2,68.79
11.59,59.07,1.94,59.32,0,153.61,18.81,38.86,9.71,44.22,80.07
11.51,68.15,1.02,110.66,0,253.11,54.23,73.62,10.41,55.29,142
11.06,72.23,1.03,160.16,0,301.53,61.5,75.3,9.09,47.3,189.92
11.38,71.48,1.29,193.47,0.01,394.51,132.88,146.79,12.46,72.3,248.16
11.84,73.87,1.47,183.44,0.1,161.7,12.22,34.97,10.97,47.01,119.73
12.34,72.81,1.4,98.53,0,118.09,14.52,32.58,7.28,39,78.88
11.84,72.06,1.64,69.14,0,136.92,11.75,30.3,7.69,38.95,79.38
11.6,71.31,1.31,66.24,0,144.18,12.17,33.64,7.44,44.6,87.41
10.89,76.12,1.5,92.46,0,184.42,38.92,52.76,7.31,39.54,112.92
10.6,75.21,1.29,73.85,0,180.25,19.4,38.6,8.59,42.84,101.91
10.9,70.07,1.1,116.42,0,214.96,51.38,66.35,9.68,46,111.38
11.1,70.72,0.91,155.19,0,335.88,59.96,78.05,12.94,54.83,178.08
11.17,69.86,1.59,124.31,0,255.58,44.04,58.81,11.59,43.06,142.21
11.34,70.81,1.13,126.39,0,189.75,22.64,42.18,9.22,44.59,99.62
10.97,71.82,1.37,119.74,0,206.29,33.48,47.93,7.98,38.79,112.62
10.85,68.78,1.56,80.8,0,232.71,20.95,39.32,11.18,41.81,135.79
11.59,68.45,1.28,121.32,0,204.42,31.8,49.82,10.29,44.92,118.46
11.66,69.43,1.15,101.98,0,259.02,42.66,61.89,16.4,50.97,149.37
11.46,69.63,1.05,138.48,0,315.96,73.84,89.67,12.41,55.39,187.34
11.66,66.33,1.76,74.9,0,280.58,34.25,53.3,16.09,47.72,160.54
12.86,58.77,2.25,34.29,0,162.04,5.6,25.36,14.29,39.12,88.55
14.26,57.44,2.63,54.99,0,165.67,3.72,19.85,12.4,31.61,65.92
13.78,51.38,2.05,37.4,0,169.96,5.8,28.48,16.87,44.65,78.12
13.71,63.31,1.38,144.07,0,244.79,39.69,60.7,17.97,53.3,133.31
13.06,61.78,1.4,122.91,0,292.33,79.78,96.48,15.37,59.11,160.29
13.46,53.9,1.46,95.29,0,214.21,41.38,63.74,17.69,56.4,106.08
13.64,60.74,1.67,273.62,0,376.2,81.5,105.35,19.36,73.16,172.29
13.58,55.28,2.33,230.35,0.01,264.76,3.73,27.93,21.56,46.81,106.99
15.07,74.67,2.4,132.52,0.02,72.78,2.75,17.24,7.97,28.19,53.15
12.62,70.42,1.32,111.79,0,101.81,9.67,28.94,11.37,39.57,60.26
13.45,70.84,1.37,89.44,0,142.43,14.19,32.19,10.11,38.75,87.52
14.02,68.08,1.64,86.3,0,123.01,11.96,30.24,12.86,38.52,68.73
13.78,70.13,1.28,78.13,0,193.15,14.01,36.32,14.52,46.79,113.04
14.03,67.76,1.26,180.33,0,249.88,56.79,73.72,12.05,51.56,148.22
14.49,66.82,1.31,262.9,0,202.25,17.88,41.59,13.63,50.79,117.25
14.89,64.11,2.11,255.13,0,173.92,3.7,23.95,11.65,39.38,93.25
15.21,65.87,2.07,212.64,0.07,134.33,4.25,23.12,11.4,36.96,68.96
14.72,66.92,1.08,197.01,0,105.83,9.82,33.4,12.99,47.74,69.83
14.65,70.75,0.95,90.22,0,176.38,20.38,41.72,11.29,47.21,112
14.72,63.69,1.45,123.81,0,186.65,29.27,46.99,11.48,43.48,103.18
14.94,62.49,1.91,201.01,0,182.5,15.49,35.45,12.18,42.9,86.57
18.54,65.89,1.86,203.97,0.2,73.38,5.27,24.81,13.09,38.58,37.25
23.26,74.37,1.94,229.54,0.38,45.54,4.27,23.22,10.28,37.1,29.33
21.48,73.09,1.62,225.16,0,96.67,9.23,28.96,9.73,40.31,58.12
21.82,72.82,1.49,81.96,0,122.31,22.62,37.01,8.39,34.91,78.48
21.83,64.13,1.92,79.17,0,112.83,13.12,26.93,8.48,30.51,47.88
22.35,61.04,1.42,180.05,0,164.5,8.49,25.14,12.16,34.24,89.93
23.01,61.13,2.29,235.9,0.01,131.96,4.43,21.66,13.39,33.92,65.75
24.45,61.57,1.79,201.09,0,171.38,7.77,28.11,11.02,40.94,71.21
24.64,54.82,1.43,232.04,0,202.38,32.85,50.72,14.29,44.99,63.67
24.54,72.12,1.61,165.33,0.28,72.5,5.42,21.39,11.06,31.9,39.62
22.23,70.15,1.26,123.06,0,115.25,14.65,30.3,12.06,34.51,61.42
22.12,67.65,1.43,62.54,0,127.88,10.77,30.43,11.76,40.7,57.08
23.09,65.34,1.66,76.88,0,135.92,15.74,30.1,11.12,32.46,57.92
23.75,62.46,1.79,79.46,0,134.71,10.35,26.23,11.26,33.43,58.46
24.68,66.79,1.35,142.95,0,200.05,49.21,59.52,14.61,36.47,96.65
24.93,60.81,1.22,152.65,0,205.24,27.62,46.43,16.8,44.94,91.23
25.83,61.89,1.37,137.16,0,185.1,26.64,44.11,15.89,42.1,86.96
25.67,58.24,1.63,99.9,0,130.35,3.34,15.64,15.77,24.27,80.35
25.84,57.52,1.24,167.52,0,97.67,4.1,16,14.34,23.79,55.96
26.06,61.4,1.53,227.52,0.12,102.53,4.96,18.32,14.33,26.82,56.67
25.72,64.66,1.43,163.41,0,66.49,5.45,16.03,8.66,21.79,36.95
26.03,64.74,1.68,67.92,0,74.08,3.84,13.3,9.93,19.12,42.93
25.68,69.83,1.7,161.75,0.09,37.47,4.36,12.67,7.96,17.14,19.37
24.28,70.63,1.91,88.47,0,30.44,4.04,12.22,7.78,16.78,20.23
24.29,60.44,2.17,68.32,0,45.61,2.97,10.71,7.86,15.58,19.25
25.31,58.63,1.73,53.39,0,54.58,2.89,11.96,8.5,18.05,28.75
25.19,57.17,1.83,82.96,0,63.02,2.92,11.38,9.83,16.92,30.8
25.93,54.49,1.85,88.83,0,65.84,3.18,11.64,10.84,17.03,33.42
26.76,56.37,2.24,69.96,0,60.52,2.74,10.12,8.78,14.82,27.96
25.88,49.64,1.73,65.77,0,55.08,2.57,11.38,8.9,17.46,26.79
25.38,54.97,1.55,101.83,0,71.6,3.72,13.67,10.02,20,36.05
25.49,53.16,1.37,115.15,0,113.8,3.01,12.87,15.32,19.57,66.39
26.78,53.15,1.4,86.77,0,125.54,3,12.09,12.38,18.12,67.04
27.67,52.54,2.41,106.28,0,97.98,3.01,11.55,9.83,17.09,30.04
26.67,47.75,2.23,77.4,0,82.51,2.6,10.53,9.52,15.8,27.33
26.78,50.27,1.4,77.65,0,75.68,2.98,13.18,9.9,20.2,32.56
26.48,49.84,0.82,139.46,0,99.11,3.83,15.12,11.5,22.56,49.8
27.77,49.13,1.09,131.75,0,129.48,3.23,12.84,15.7,19.2,62.08
28.86,45.49,1.54,58.25,0,84.05,2.41,11.13,11.11,17.22,31.94
28.77,49.34,1.32,141.12,0,124.81,7.32,19.68,13.72,25.8,54.52
29.14,48.37,0.97,251.78,0,141.23,6.48,21.53,13.92,30.54,56.51
30,41.91,1.11,190.06,0,,3.21,15.69,12.46,24.58,
30.53,42.54,1.45,96.53,0,166.33,4.58,16.71,16.9,24.38,42.17
29.78,40.17,1.92,152.43,0,104.12,2.3,10.17,10.64,15.59,26.62
29.91,44.18,1.69,178.25,0,103.93,2.32,8.91,10.85,13.18,26.96
29.42,38.85,2.08,305.96,0,34.25,1.8,10.65,8.53,17.27,6
,37.44,1.23,125.73,0,124.68,2.95,16.13,,25.81,56.04
29.93,45.2,1.43,225.6,0,131.48,7.35,26.28,,38.16,50.48
,48.72,1.2,268.8,0,128.12,7.18,28.31,,42.21,58.71
30.77,45.15,1.49,259.66,0,86.12,0.87,9.87,12.43,9.91,26.17
28.31,53.41,2.21,231.99,0,137.58,0.72,10.2,15.75,9.49,41.96
28.85,58.52,1.93,214.34,0,59.01,,,,,25.71
29.32,52.79,1.33,191.45,0,91.56,,,,,43.38
27.36,51.83,1.44,236.98,0,116.75,,,,,53.29
27.25,49.67,1.41,236.21,0,113.12,,,,,47.5
28.74,53.34,1.63,214.74,0,153.08,,,,,60.58
29.88,52.55,2.15,229.22,0,112.46,,,,,33.12
30.49,59.05,2.03,210.61,0.05,85.12,,,,,33
30.48,59.06,1.52,136.7,0,58.04,,,,,24.38
29.91,53.03,1.28,110.52,0,116.79,,,,,56.71
28.39,48.09,1.6,164.89,0,170.71,,,,,57.25
27.97,45.22,1.8,184.14,0.02,86.12,,,,,31.71
29.57,48.03,1.54,232.88,0,117.75,,,,,48.29
29.45,47.76,1.85,242.62,0,133.08,,,,,53.25
29.29,55.04,2.34,223.52,0.02,93.48,,,,,43.12
30.64,54.76,1.44,236.36,0,96.67,,,,,43.96
31.37,50.52,1.58,193.64,0,103.17,2.02,7.78,23.23,11.71,44.17
28.18,56.11,1.19,181.13,0,170.33,1.92,7.84,16.85,11.91,69.21
28.69,58.41,1.31,228.01,0.15,130.79,1.43,7.18,,11.99,56.02
29.91,48.71,1.84,67.22,0.04,106.42,1.6,7.5,,11.81,43.5
29.12,44.53,1.53,76.54,0,154.51,1.51,7.68,,12.42,72.65
29.11,45.15,1,153.38,0,184.01,1.44,7.16,,12.47,82.64
29.69,44,1.16,92.57,0,215.24,2.83,13.79,,23.11,102.75
30.12,41.29,1.35,119.18,0,215.47,5.68,28.33,,44.55,100.26
30.39,36.75,1.83,83,0,157.42,4.87,23.74,,37.16,59.09
30.24,35.92,1.92,96.64,0,168.85,6.27,26.54,,40.3,46.94
30.31,40.87,0.99,179.71,0,258.39,34.58,59.65,,59.14,115.05
30.43,38.81,1.11,168.54,0,240.47,16.52,43.87,,57.15,83.07
31.48,39.05,1.51,74.14,0,210.02,3.69,22.53,,36.7,66.92
31.83,37.8,1.53,87.39,0,168.3,5.93,26.54,,40.8,56.56
36.19,38.13,1.45,160.54,0,189.48,24.26,44.35,,46.22,47.6
40.25,35.85,1.84,183.76,0,187.16,4.08,23.97,,38.79,43.48
39.6,48.22,3.21,225.31,0.03,246.71,2.88,17.17,10.88,27.86,38.33
40.21,56.16,2.56,215.57,0.02,74.11,3.04,18.19,12.57,29.54,23.47
40.82,58.19,2.23,273.12,0,60.03,3.17,19.02,9.82,30.89,25.01
37.59,68.57,2.02,199.22,0.62,43.71,3.17,17.75,9.45,28.52,22.98
34.96,64.84,1.05,127.5,0,80.9,3.52,19.29,15.4,30.87,43.96
34.65,61.63,1.6,156.05,0.01,106.72,5.33,21.72,12.29,32.65,50.3
32.6,56.84,1.11,142.14,0,121.76,4.08,23.69,15.47,38.3,52.24
33.86,60.27,1.21,159.5,0,149.1,4.7,25.14,19.39,40.06,65.44
35.06,58.23,1.4,221.63,0,104.39,3.44,21.15,13.33,34.48,47.02
35.93,55.56,1.35,235.43,0,94.95,2.98,18.98,13.28,31.11,35.75
34.85,57.11,1.82,168.45,0.01,95.33,3.04,17.65,11.68,28.55,34.86
34.91,55.33,1.41,128.3,0,108.51,3.41,18.81,19.32,30.14,42.55
36.12,54.58,1.19,150.45,0,147.78,8.56,27.18,15.78,37.99,55.14
35.49,53.83,1.26,219.77,0.01,156.35,12.02,32.66,15.44,42.98,69.52
36.76,54.08,1.25,115.35,0,139.05,6.09,20.31,16.88,28.84,57.27
38.06,51.32,1.79,226.24,0,157.77,3.92,18.09,12.57,28,60.61
38.59,59.54,1.77,209.84,0.2,134.7,5.42,15.71,10.55,21.22,50.83
38.72,59.7,1.31,132.92,0,161.54,7.52,16.15,18.66,18.8,71.27
39.45,50.36,1.3,170.43,0,144.83,5.87,14.42,13.3,18.12,56.16
36.93,48.06,1.99,220.47,0,112.38,4.57,11.83,13.12,15.24,36.95
37.93,52.78,2.08,224.6,0,100.07,4.07,10.11,12.7,12.96,27.51
39.9,51.12,1.98,279.05,0,127.74,4.83,11.48,13.44,14.28,42
40.05,53.86,2.15,330.49,0,193.83,4.33,10.22,12.81,12.74,51.43
39.23,56.72,1.81,322.5,0.04,107.87,5.73,13.12,11.76,15.91,35.32
39.81,61.07,1.71,315.32,0.01,102.13,6.43,14.05,11.86,16.57,47.08
39.66,61.16,1.51,315.8,0.34,76.42,4.73,11.07,11.97,13.55,44
37.13,61.51,1.94,312.16,0,70.04,4.61,9.86,11.38,11.66,30.42
36.5,65.03,1.81,311.09,0,69.17,5.3,10.9,15.07,12.38,37.58
36.97,67.69,1.35,308.7,0.01,75.42,7.26,13.37,9.84,13.99,39.42
37.14,63.91,1.54,307.85,0,116.05,6.3,12.95,11.32,14.68,68.59
36.42,56.53,1.8,308.7,0,157.71,8.23,14.65,9.66,15.07,36.71
36.34,55,1.8,309.73,0,315.88,14.57,18.89,7.27,13.18,67.04
36.97,58.15,2.06,308,0.01,194.71,6.52,12.33,12.33,13.18,47.46
38.22,62.29,1.96,304.84,0,102.33,4.25,9.28,11.81,11,45.38
39.32,57.83,1.76,306.82,0,117.08,4.46,9.74,12.72,11.47,52.48
38.22,65.74,1.2,301.77,0,138.5,5.28,11.21,13.06,12.96,68.58
37.53,56.37,2.29,306.31,0,142.53,5.42,11.14,13.26,12.64,65.6
38.59,62.48,2.35,303.67,0,92.38,4.72,8.58,15.14,8.89,46.15
36.44,,,,,50.09,4.37,7.26,13.98,6.96,30.25
39.51,63.9,2.12,301.89,0.16,71.33,5.52,8.52,14.96,7.67,48.68
37.53,69.57,2.04,294.08,0.01,41.84,5.29,8,12.28,6.92,22.31
,70.85,1.81,298.64,0,41.56,5.42,9,11.17,8.62,25.37
36.91,65.64,1.27,302.77,0,66.76,7.73,14.26,13.12,14.96,43.65
35.25,60.37,1.88,306.39,0,49.39,8.98,16.45,8.89,17.15,23.09
35.5,67.78,2.56,301.04,0.26,31.58,7.77,13.74,7.73,13.89,12.73
37.23,57.78,2.11,268.84,0,123.37,7.33,14.43,9.06,15.85,32.28
38.27,60.89,1.46,194.06,0,176.52,14.61,19.58,9.48,14.37,43.65
35.7,61.22,1.86,117.83,0,117.46,7.73,14.98,10.6,16.39,40.74
,63.52,1.62,117.66,0,87.7,8.51,15.78,12.73,16.6,36.94
38.31,64.63,1.93,151.48,0,93.18,8.71,15.75,12.48,16.44,47.55
38.18,66.78,1.84,116.05,0,91.08,8.33,14.38,12.17,14.23,39.25
37.62,74.64,1.34,216.22,0.75,58.5,11.35,16.66,6.48,14.1,28.09
37.28,70.27,1.57,286.53,0.02,51.58,10.18,16.43,7.14,15.25,19.17
37.29,77.42,2.19,155.7,0.17,45.96,9.22,14.82,8.53,13.89,26.08
36.74,80.73,1.45,173.63,0.26,50.74,12.93,16.77,7.27,11.68,32.09
35.34,73.85,1.14,225.68,0,66.54,23.45,26.24,8.38,13.42,32.23
34.46,60.21,1.56,124.9,0,102.08,7.98,15.15,12.28,16.23,42.18
32.9,68.32,1.54,122.56,0,81.59,9.33,14.38,12.18,12.7,38.58
32.88,71.08,1.03,182.87,0.07,93.12,10.17,14.73,11.58,12.05,51.04
34.6,66.27,1.42,287.28,0,120.12,16.67,19.82,8.49,11.64,43.71
37.32,62.98,1.63,292.5,0,72.33,10.04,13.4,7.63,9.74,19.21
36.14,67.9,1.85,199.72,0.07,97.08,10.76,14.7,8.8,11.1,33.67
36.16,72.44,1.81,230.36,0,41.17,9.48,12.39,12.22,8.75,18.29
37.54,71.41,1.25,173.98,0.04,111,13.96,16.52,11.56,9.87,51.5
37.89,70.11,1.43,174.35,0.2,72.42,9.65,12.98,9.66,9.56,32.94
35.64,67.91,1.45,259.64,0,59.59,11.96,13.81,8.69,7.85,18.29
34.67,65.2,1.56,272.92,0,72.42,12.69,14.66,7.8,8.04,23.15
35.99,66.19,1.62,195.09,0.02,68.16,8.2,17.54,8.97,20.39,24.47
35.68,71.25,1.38,110.98,0.11,88.94,8,23.85,10.46,32.55,43.71
36.68,62.22,2.1,102.16,0,75.25,5.14,12.96,11,16.49,22.92
37.51,64.17,1.87,132.91,0,69.29,4.49,13.52,12.27,18.62,24.83
36.86,66.8,0.89,242.51,0,94.08,11,21.97,11.99,24.69,51.92
36.07,76.52,1.42,186.15,0.43,59,9.1,16.67,9.12,17.35,34.58
37.51,73.9,1.43,168.01,0.08,69.08,6.17,16.39,10.38,21.41,37.33
36.83,72.16,1.42,171.32,0,89.76,7.92,20.51,11.25,26.42,50.16
37.44,70.22,1.73,246.3,0,49.31,6.14,13.34,7.85,15.09,15.62
35.4,81.4,1.7,94.32,0.08,31.32,3.87,10.53,8.03,13.85,16.43
35.91,69.69,1.74,90.68,0.01,52.87,4.23,11.25,12.32,14.5,27.68
36.3,74.52,1.89,157.71,0.13,66.33,9.18,19.22,12.29,22.05,35.8
36.48,75.21,1.3,215.61,0.02,76.84,15.01,25.98,15.22,25.82,37.24
33.84,83.36,1.58,173.12,1.24,53.34,15.9,26.94,10.78,26.28,27.71
36.19,83.13,1.46,115.83,0.6,46.29,6.46,16.4,10.74,20.92,36.75
,70.4,1.29,90.42,0,57.96,6.77,14.43,15.18,16.74,30.04
,66.97,1.78,86.83,0,45.45,5.53,10.49,9.39,11.24,17.42
35.85,66.59,2.33,179.11,0,58.79,4.97,14.62,10.95,19.94,18.16
35.73,70.06,2.09,189.44,0,57.61,7.91,17.24,10.03,20.34,22.45
33.18,68.11,1.25,268.08,0,55.83,14.42,22.38,7.34,19.98,23.31
32.69,68.79,1.36,271.18,0,52.75,13.87,20.6,8.91,17.26,20
35.17,81.46,1,174.83,1.13,73.79,16.62,24.75,11.42,21.06,41.58
35.77,70.07,0.98,102.9,0,82.71,7.23,15.93,13.81,18.88,45.29
,70.62,2.04,113.84,0,58.58,4.23,10.76,11.41,13.58,27.29
36,68.05,2.68,189.23,0,38.38,5.06,12.49,9.64,15.71,13.01
35.36,66.59,1.92,210.56,0,58.47,12.26,20.77,8.93,20.27,21.26
35.93,66.86,1.05,212.64,0,68.42,10.41,17.19,10.21,16.33,28.08
35.89,64.92,1.65,148.21,0,95.04,5.68,13.88,11.7,17.09,44.38
33.91,65.76,1.48,176.6,0,85.55,8.09,16.52,14.15,19.05,46.67
35.79,73.81,1.39,193.31,0.45,81.21,10.11,19.77,10.88,21.44,46.96
34.65,73.34,1.19,225.38,0,56.73,5.61,11.83,9.74,13.59,36.77
34.95,71.79,1.13,234.78,0,72.82,7.5,17.45,9.61,21.29,43.82
35.36,65.51,1.57,273.8,0.79,64.68,4.82,12.48,9.52,16.07,33.25
36.05,70.42,1.46,309.87,0,87.86,11.57,17.47,8.28,15.1,49.7
36.55,67.27,1.43,308.13,0,96.75,11.04,18.55,8.19,17.97,50.27
36.45,66.2,1.08,217.29,0,124.71,35.3,39.92,10.75,20.93,55.17
34.89,66.05,1.23,266.81,0,133.67,15.57,22.01,9.8,17.52,62.62
34.92,67.8,1.31,191.79,0,128.67,7.29,14.35,9.86,15.77,69.79
35.12,69.11,1.38,231.9,0,125.83,8.92,16.29,9.6,16.79,67.92
36.62,67.25,1.07,288.28,0,133.83,11.75,20.37,10.63,20.31,70.67
35.76,66.79,1.22,287.47,0,138.83,23.94,30.08,9.97,19.88,64.62
36.08,63.83,1.61,310.46,0,104.54,6.74,14.83,10.17,17.55,46.27
36.26,63.15,1.66,279.3,0,105.88,11.34,18.68,9.58,17.76,42.46
36.34,66.03,1.41,232.68,0,119.25,7.3,15.83,10.98,18.95,55.5
36.41,67.45,1.83,255.46,0,138.83,5.28,12.21,9.7,14.85,72.58
36.22,65.63,1.5,277.88,0,135.58,4.14,12.1,12.78,16.41,64.33
36.35,62.97,1.36,152.26,0,108.58,7.34,17.16,13.74,21,47.5
36.71,59.85,1.73,125.25,0,76.42,4.66,12.22,13.27,15.82,28.52
36.92,64.74,1.48,198.44,0,87.94,8.92,17.56,15.52,19.33,46.39
37.26,64.47,1.57,270.82,0,144.21,18.04,26.03,11.14,21.41,62.62
36.62,66.95,1.24,250.63,0,169.12,48.85,53.28,10.43,25.28,70
36.22,61.07,1.44,288.73,0,107.54,20.43,26.64,9.41,18.76,35.01
36.55,62.89,1.7,286.73,0,183.29,45.73,48.1,9.44,20.33,64.42
36.94,64.37,1.66,313.7,0,194.62,11.62,20.09,10.18,19.98,72.92
37.09,59.51,1.6,311.15,0,158.42,7.82,16.85,9.59,19.53,52.59
35.95,60.18,1.61,284.66,0,166.6,14.16,23.88,10.44,23.38,58.13
35.63,62.23,1.36,276.38,0,191.08,33.38,38.35,9.06,21.01,83.58
34.14,61.38,1.32,276.52,0,173,24.26,33.58,10.6,25.46,80.08
34.49,60.69,1.35,278.16,0,171.85,19.64,27.97,11.69,22.47,81.94
34.53,56.93,1.76,315.74,0,182.38,15.07,24.35,11.29,22.68,69.12
34.38,60.47,1.54,282.34,0,216.36,46.12,52.56,12.71,28.11,94.54
34.33,60.35,1.28,290.07,0,227.21,22.04,32.73,14.25,27.73,117.46
34.29,60.34,1.27,288.46,0,254.84,25.37,35.05,16.61,27.43,136.19
33.94,59.98,1.08,281.55,0,233.09,42.57,48.99,16.61,27.56,118.48
33.52,60.52,1.13,285.02,0,230.49,40.82,47.19,17.73,26.12,112.76
32.9,61.33,1.14,296.7,0,212.36,23.07,32.96,16.42,26.58,101.92
33.26,61.29,0.96,296.2,0,257.98,38.11,46.26,15.51,28.68,148.49
32.72,62.97,0.95,179.11,0,292.65,38.64,48.42,19.57,31.78,160.01
33.22,65.43,0.88,231.95,0,263.41,13.11,24.22,13.16,25.64,164.23
32.98,55.56,1.32,237.9,0,258.45,21.21,30.05,14.63,23.96,159.52
33.35,52.84,1.02,250.39,0,213.83,46.22,60.66,19.7,45.83,145.08
33.51,60.97,0.76,260.92,0,207.9,117.19,138.1,14.8,80.11,143.04
33.27,52.6,1.27,306.53,0,162.82,69.03,95.96,13.7,74.66,100.15
33.16,52.13,1.32,283.68,0,180.38,47.51,79.04,15.8,75.85,120.78
33.94,54.13,1.15,262.92,0,181.51,108.89,132.06,18.44,81.43,101.46
33.81,55.84,0.98,227.59,0,202.26,100.52,128.72,14.2,87.89,151.05
33.3,56.83,0.86,229.59,0,288.35,96.08,123.01,19.52,84.13,183.4
32.09,60.9,0.95,270.98,0,373.21,66.35,97.86,17.12,82.19,230.33
31.58,62.17,0.97,265.87,0,404,140.63,160.49,17.38,86.14,219.08
32.03,63.84,0.75,245.94,0,409.88,129.36,159.19,16.53,100.81,232.12
31.65,59.17,1.07,260.17,0,422.21,102.95,127.49,17.99,81.96,237.01
30.81,57.46,1.13,304.53,0,327.74,71.19,93.95,13.37,67.54,175.33
31.17,63.98,0.78,260.21,0,417.21,177.28,202.36,16,108.88,212.54
31.14,67.1,0.55,240.56,0,434.93,94.3,132.2,17.67,105.86,263.05
30.14,60.69,1.02,277.28,0,434.92,44.12,84.25,16.89,90.68,241.15
29.9,55.37,1.39,314.96,0,477.5,19.55,53.4,13.97,70.49,306.96
30.14,56.19,1.11,287.32,0,494.79,55.03,73.66,19.9,53.98,303.46
30.28,58.02,0.98,263.62,0,390.33,94.87,104.83,19.76,53.03,217.63
29.28,60.33,0.85,251.58,0,343.98,148.82,156.85,17.75,66.86,160.91
28.27,67.12,0.79,249.39,0,664.04,162.47,178.31,24.24,86.34,407.01
28.46,64.38,0.82,261.01,0,489.99,116.72,134.6,19.74,73.38,304.15
29.27,62.46,0.89,258.95,0,524.88,138.94,153.9,25.66,76.33,308.49
29.27,62.77,1,264.31,0,572.22,115.47,130.43,22.89,68.18,363.6
28.22,69.74,0.71,248.14,0,628.67,173.47,184.95,24.03,81.88,407.71
27.44,72.08,0.7,237.37,0,720.11,132.34,157.96,23.36,91.67,554.29
27.45,72.14,0.62,217.37,0,489.27,123.71,144.19,21.29,79.37,598.8
26.91,69.57,0.62,197.93,0,420.11,77.98,93.9,17.49,55.44,243.89
27.97,68.12,0.65,222.84,0,342.49,76.29,92.07,14.25,56.11,204.05
27.97,68.77,0.68,250.1,0,423.78,88.26,113.9,17.18,77.31,248.61
27.62,72.51,0.56,230.51,0,657.69,92.54,117.97,21.21,81.47,503.82
26.58,63.47,1.45,167.05,0,401.83,24.23,52.04,21.01,60.43,290.11
26.58,69.4,1.35,173.42,0,140.67,7.39,24.83,11.82,35.35,92.68
27.16,66.07,1.39,285.07,0,142.08,6.67,26.71,11.61,40.42,81.04
27.67,66.49,1.14,314,0,201.43,17.84,39.42,9.95,46.77,124.5
27.8,66.38,1.07,273.43,0,240.27,22.66,47.17,12,53.87,159.56
27.61,60.54,1.48,325.36,0,257.79,12.52,35.62,11.36,47.8,157.77
26.52,55.71,1.77,312.21,0,217.58,28.32,48.01,13.14,46.57,119.68
28.51,58.42,1.26,272.95,0,293.64,68.21,85.82,12.26,56.78,166.28
28.38,65.28,0.62,229.15,0,421.42,165.33,180.7,14.82,83.24,242.53
27.7,66.36,0.74,196.62,0,471.77,101.27,131.69,13.48,91.03,293.6
26.26,68.4,1.05,135.67,0,582.41,30.82,65.86,20.54,74.66,395.77
25.44,65.46,1.65,230.04,0,192.1,10.02,28.11,11.62,37.64,122.34
25.79,61.11,1.5,308.68,0,163.98,13.69,36.97,11.5,48.91,85.45
25.27,59.13,1.4,301.45,0,225.49,32.53,55.4,12.5,56.01,118.89
24.46,63.42,0.93,255.8,0,300.8,86.41,106.02,13.13,67.73,162.1
24.21,69.73,0.84,261.77,0,394.35,196.9,199.06,12.46,72.39,224.13
24.36,71.53,0.72,249.7,0,484.08,148.73,165.46,13.46,80.11,296.33
25.63,66.48,1.01,272.29,0,427.79,112.23,136.02,13.64,83.89,251.78
26.96,69.67,0.79,246.95,0,405.59,140.62,162.68,13.57,89.5,234.29
26.75,67.58,0.74,187.91,0,569.4,92.08,128.91,27.33,101.2,342.3
26.11,63.82,1.17,150.88,0,519.43,25.62,66.41,41.11,85.82,320.38
24.87,66.98,1.01,228.49,0,428.27,28.06,65.95,29.5,81.25,282.34
24.72,76.8,1.04,275.75,0,439.09,90.05,109.31,11.5,64.41,289.54
25.07,72.91,0.86,186.6,0,375.84,155.76,163.65,12.61,68.92,239
25.84,70.09,0.83,281.09,0,350.36,85.77,106.2,12.54,69.01,213.26
25.58,70.66,1,234.12,0,297.08,80.77,98.33,12.77,61.05,156.16
26.72,70.07,0.94,188.75,0,368.56,85.82,117.73,18.59,89.7,197.94
28.17,81.02,1.39,194.35,0,360.47,24.15,45.78,8.99,48.15,298.46
27.9,79.32,2.2,255.6,0,198.29,5.51,21.28,8.13,31.57,121.92
26.37,74.75,2.06,187.92,0,167.12,4.13,17.78,11.67,27.06,105.77
26.32,78.56,1.69,245.41,0,217.21,6.01,25.17,14.64,37.47,141.17
26.57,74.35,1.77,318.31,0,191.59,6.15,23.75,8.03,34.9,117.82
26.73,74.44,2.02,320.79,0,233.03,10.31,29.46,8.78,39.58,149.84
26.79,59.73,1.65,320.23,0,260,22.14,47.53,12.1,57.47,157.96
25.74,59.26,1.46,306.42,0,282.88,38.26,63.55,13.08,60.75,164.88
24.09,62.26,1.22,308.11,0,352,57.53,85.08,16.27,69.83,216.4
22.32,68.03,0.98,253.53,0,384.38,116.61,131.31,21.14,68.22,231.75
21.3,77.72,0.86,216.53,0,531.58,95.52,115.04,13.63,69.9,375.5
21.21,76.68,0.78,234.2,0,515,170.11,170.09,20.18,59.05,353.08
13.7,77.46,1.02,200.88,0,490.84,111.31,124.58,14.12,63.47,337.79
15.87,69.58,1.38,236.43,0,345.22,65.3,83.73,11.19,57.41,229.6
16.59,74.32,1.04,263.8,0,388.44,91.6,106.62,11.21,59.98,253.85
16.88,67.4,1.55,224.31,0,459.53,50.54,75.26,13.51,63.97,284.23
16.98,55.12,1.96,256.57,0,284.28,4.96,25.17,16.67,39.71,107.18
16.46,67.05,1.72,327.9,0,298.62,7.35,28.89,11.72,43.31,141.72
16.38,78.76,1.88,273.33,0,255.88,8.75,26.86,8.33,37.18,175.21
16.4,81.4,1.13,242.85,0,404.78,79.24,97.16,9.97,61.17,285.54
16.66,81.67,1.05,149.76,0,588.62,123.42,140.63,15.93,75.11,518.24
15.84,68.92,0.87,151.86,0,590.53,36.45,77.38,23.36,89.64,440.29
17.6,80.38,1.19,138.65,0.1,240.58,23.15,46.95,12.65,52.27,194.07
16.4,82.08,1.47,155.6,0.06,137.89,20.78,38.54,13.12,40.63,113.35
14.99,80.31,1.51,95.41,0.03,110.77,10.91,26.99,11.31,34.16,97.53
14.11,82.04,1.1,184.38,0.1,167.92,16.28,31.24,11.3,33.85,134.71
14.17,82.75,1.85,197.4,0,150.94,7.07,17.18,7.86,21.72,120.5
13.76,82.81,1.32,180.07,0,240.64,13.87,27.56,18.04,30.55,161.29
17.19,79.27,1.66,313.32,0,216,4.9,20.21,12.88,30.5,149.67
17.79,76.46,2.14,333.89,0,180.77,4.38,18.04,6.75,27.22,125
19.54,77.14,1.98,324.26,0,188.09,5.4,22.49,7.54,34.79,126.01
19.81,82.62,1.33,284.29,0,261.4,28.95,45.74,8.31,41.39,177.55
19.96,81.06,0.94,258.71,0,285.96,37.74,53.42,7.27,42.64,195.33
18.63,93.8,0.73,229.03,0,327,78.11,83.93,8.26,38.08,250.14
16.99,74.42,0.66,233.38,0,709.65,41.35,85.69,14.31,97.78,549.8
18.38,86.51,1.44,239.73,0,303.89,10.61,35.27,6.77,49.95,218.45
15.48,81.4,1.56,126.95,0,348.79,7.75,30.68,15.52,46.03,264.24
15.57,77.53,0.96,171.04,0,395.12,33.97,56.91,16.4,54.08,268.43
14.85,82.59,1.39,305.19,0,337.45,65.99,79.41,8.7,48.08,239.74
14.29,77.09,1.84,310.15,0,236.4,6.95,29.55,8.32,44.9,156.46
11.01,71.27,1.69,296.07,0,291.94,33.37,54.31,12.82,50.94,181.7
17.96,85.33,1.13,165.05,0,455.36,103.66,112.6,12.73,55.25,314.76
15.04,64.57,1.82,170.6,0,282.88,8.17,31.18,13.96,47.12,186.3
15.18,77.08,1.42,187.32,0,277.27,94.14,96.24,11.06,36.63,164.2
16.07,76.1,0.99,235.32,0,348.62,108.02,111.69,10.84,44.41,225.79
,70.82,1.17,291.65,0,329.33,41.38,62.33,13.35,53.32,187.54
18.43,79.69,1.01,199.24,0,407.04,70.65,88.29,11.26,57.67,274.96
17.33,73.46,1.29,286.05,0,309.33,52.41,71.63,12.24,54.35,201.5
14.93,63.92,1.36,298.65,0,314.01,46.88,71.46,17.06,62.39,186.72
18.93,68.5,0.81,216.71,0,508.9,128.79,142.62,13.63,70.72,274.1
,71.56,0.99,170.04,0,538.96,104.06,126.56,15.74,78.5,335.5
16.58,66.59,0.85,208.25,0,505.32,127.88,148.33,25.62,82.85,285.42
15.85,62.14,1.56,154.13,0,371.82,9.03,41.48,19.26,63.5,220.74
16.59,71.14,2.31,69.47,0.04,252.65,3.79,21.02,14.21,33.72,182.02
15.25,65.33,1.81,194.35,0,129.26,4.02,21.68,10.9,35.45,71.95
15.96,70.91,1.89,267.91,0,158.44,7.23,23.67,10.44,33.41,95.8
16.86,70.08,1.53,301.92,0,233.35,26.99,44.46,12.26,42.25,145.49
16.89,73.82,1.02,283.62,0,414.77,84.43,96.35,7.67,50.81,199.19
17.9,70.64,0.83,233.04,0,378.87,118.04,128.63,14.34,61.47,220.88
19.63,67.21,1.13,209.48,0,428.33,97.62,112.6,16.11,62.06,232.04
21.22,76.19,1.09,222.17,0,289.32,40.99,58.59,13.83,52.43,170.65
19.44,78.07,1.11,223.41,0,389.43,68.56,85.24,15.24,55.19,253.77
19.84,81.16,1.24,185.56,0,270.33,28.94,48.31,8.79,48.34,180.18
18.22,75.13,0.93,239.59,0,262.75,45.44,63.14,10.19,49.07,167.84
18.62,72.44,0.9,239.51,0,320.62,74,91.56,9.53,58.68,194.11
18.93,69.66,1.07,241.39,0,294.66,26.39,48.71,14.88,51.11,177.01
19.54,70.9,0.92,235.96,0,292.28,75.82,89.34,11.34,51.55,158.46
21.02,72.43,0.94,217.45,0,253.29,30.02,50.38,10.35,48.71,150.96
18.92,75.71,1.17,260.28,0,291.44,49.58,71.13,10.1,55.95,175.35
19.98,72.73,1.25,287.92,0,227.46,28.93,49.89,9.94,49.82,130.78
19.51,65.77,1.31,302.93,0,304.53,23.56,48.74,16.54,55.22,184.88
19.81,64.77,1.29,263.59,0,282.46,58.02,76.06,17.91,53.82,152.1
21.26,60.58,0.92,262.91,0,310.13,107.04,118.89,18.62,59.39,139.35
21.26,62.74,1.02,238.87,0,386.76,121.39,132.57,23.03,63.32,177.99
20.43,61.19,1.24,270.99,0,352.7,96.64,112.49,19.49,63.34,164.9
20.37,59.68,1.52,280.8,0,269.37,50.49,66.63,21.26,48.54,119.71
20.41,53.83,1.45,217.99,0,268.83,39.04,54.77,12.06,44.67,98.5
20.14,54.22,1.99,214.42,0,211.39,6.52,22.89,15.19,33.03,70.8
21.21,54.2,2.09,293.99,0,200.9,4.68,24.96,15.09,39.96,79.9
21.93,49.13,2.43,326.28,0,205.6,2.5,19.8,15.96,33.8,75.8
22.8,50.84,1.48,305.13,0,215.84,31.11,49.75,19.13,45.54,95.7
23.11,62.66,0.97,219.81,0,335.17,70.75,89.84,17.67,57.01,151.48
24.27,58.18,2.02,298.14,0,237.97,21.67,38.83,15.99,38.52,111.58
24.77,56.16,1.5,297.41,0,208.24,23.24,39.44,15.76,38.81,99.93
25.05,52.56,1.4,151.92,0,368.78,54.44,73.01,28.13,54.35,158.28
23.8,54.38,1.7,150.81,0,286.12,4.23,26.38,25.79,43.1,118.62
22.45,56.81,1.8,150.7,0,356.3,7.31,30.33,20.63,45.53,156.42
23.17,54.61,1.16,240.78,0,148.69,9.95,30.79,17.78,42.7,63.05
23.21,59.48,1.19,218.53,0,283.83,64.39,84.59,25.58,59.31,130.41
23.21,52.47,1.89,152.13,0,252.62,34.16,55.09,15.49,51.12,101.28
23.78,60.87,1.58,212.22,0,251.71,28.83,43.67,19.21,37.45,137.11
23.8,60.12,1.35,314.23,0,196.68,21.61,38.43,18.81,39.64,98.42
25.8,59.23,1.47,306.88,0,248.91,20.36,38.65,17.54,41.48,107.42
26.31,57.88,1.59,329.67,0,323.47,8.5,26.8,18.24,37.37,99.76
26.8,55.83,1.47,239.26,0,366.58,41.12,58.01,21.06,46.15,114.39
25.77,57.56,1.23,242.07,0,357.42,53.13,67.06,20.83,44.7,115.19
25.89,52.86,1.3,279.66,0,281.4,21.77,41.71,17.68,46.45,100.83
24.99,55.53,1.43,307.24,0,253.12,25.96,43.98,21.41,42.94,108.91
24.05,55.08,1.59,158.33,0,359.43,97.12,104.65,20.74,48.43,140.46
24,52.49,1.81,130.6,0,271.53,9.89,28.73,16.79,38.88,86.55
24.75,52.36,2.67,151.31,0,336.64,16.77,36.06,18.67,42.11,83.77
25.2,51.44,1.63,254.77,0,211.02,17.34,33.12,17.43,36.09,76.5
25.65,55.57,2.06,326.39,0,139.03,2.95,16.49,12.83,26.69,49.87
25.54,54.31,1.88,315.53,0,153.6,3.44,19.8,17.06,31.96,67.74
26.41,57.16,1.13,244.16,0,229.27,55.61,71.37,18.35,48.87,100.04
25.53,55.86,1.14,252.95,0,257.35,49.21,64.66,15.88,46.12,100.65
26.43,43.24,1.14,144.01,0,213.72,9.32,25.19,19.54,32.62,74.22
26.23,48.21,2.53,284.4,0,395.03,23.04,37.19,13.62,34.81,103.08
25.15,37.3,2.68,327.44,0,215.02,2.43,15.16,13.75,24.77,50.56
25.15,31.6,3.03,329.82,0,228.59,2.12,11.63,14.14,18.7,38.22
24.11,34.47,1.79,279.57,0,199.05,6.72,25.67,22.21,38.03,72.72
24.66,35.69,1.23,234.39,0,182.11,7.92,27.27,23.33,39.1,75.51
25.57,37,1.38,274.49,0,211.51,26.18,46.56,23.98,47.08,74.5
27.14,37.5,1.33,151.03,0,253.76,19.29,44.88,31.14,54.68,98.48
30.13,38.23,1.34,119.99,0,349.41,4.99,32.57,32.54,53.65,133.3
28.2,41.74,1.94,199.43,0,266.12,2.24,16.61,15.2,27.95,77.15
27.59,38.34,1.58,310.96,0,172.5,9.1,27.3,19.02,37.48,62.09
26.94,36.89,1.89,230.3,0,193.6,13.44,32.93,19.23,41.09,68.66
25.74,35.15,1.27,290.43,0,212.8,31.8,53.94,21.31,50.45,65.41
25.59,35.68,1.28,284.94,0,233.02,25.19,44.12,24.44,44.36,79.71
26.89,39.35,1.22,224.07,0,332.39,55.81,73.13,23.47,52.9,129.16
29.28,38.39,1.36,288.46,0,280.27,23.04,45.41,22.42,49.14,96.38
30.3,34.77,1.65,286.12,0,221.72,9.88,31.1,20.36,43.29,64.08
28.72,34.03,1.5,275.88,0,300.69,15.16,40.3,19.98,52.43,92.86
27.15,44.35,1.65,246.67,0.02,298.59,19.39,39.14,17.39,43.8,88.83
26.88,51.03,1.75,263.85,0,106.16,7.32,20.19,13.64,26.97,48.76
28.16,47.63,1.1,236.06,0,191.53,4.62,20.36,18.96,30.96,75.19
28.76,42.44,1.37,300.49,0,257.59,9.99,29.92,17.55,40.95,80.82
28.97,42.17,2.42,171.17,0,293.03,3.66,19.24,26.19,30.63,96.13
29.57,48.52,1.67,258.17,0,116.6,2.72,13.04,15.01,20.18,54.4
30.64,48.42,1.34,162.7,0,157.54,2.35,14.24,14.19,23.25,53.79
30.69,48.85,2.6,102.07,0,138.69,2.24,12.95,15.63,20.81,44.45
28.49,44.85,2.2,265.48,0,120.64,2.27,13.53,15.08,21.98,49.31
27.07,44.18,1.69,233.53,0,212.04,12.43,28.49,20.44,34.51,107.29
27.86,44.81,1.01,273.52,0,324.11,55.38,76.36,24.19,58.6,181.71
28.88,44.65,1.12,263.6,0,345.67,71.02,92.98,26.36,65.96,175.2
27.22,40.03,1.16,271.08,0,395.5,39.78,63.02,30.37,57.49,222
26.87,38.08,1.55,215.09,0,398.33,18.22,36.67,24.2,41.02,164.72
27.25,39.6,1.32,204.25,0,319.83,7.75,26.4,23.59,37.21,131.86
26.41,37.68,1.55,152.03,0.02,251.36,2.65,17.76,19.69,28.96,89.52
26.22,40.16,1.61,228.61,0,203.89,7.6,26.64,18.46,38.41,82.61
27.28,42.86,1.15,253.62,0,220.47,10.49,24.51,17.79,29.99,97.62
28.55,40.73,1.32,226.79,0,159.15,5.27,22.92,16.47,35.02,72.13
29.99,44.71,1.82,123.85,0,160.04,2.21,12.84,20.64,20.75,89.31
31.3,49.11,2.05,174.11,0.11,131.08,2.04,11.19,16.62,17.91,84.98
31.68,49.32,0.98,150.07,0,122.05,1.43,0.37,13.58,,68.8
31.02,50.7,0.99,221.06,0,137.12,1.49,1.5,13.64,2.87,90.88
32.05,47.29,1.74,177.88,0.03,122.02,1.5,2.8,13.82,2.95,60.1
31.05,46.85,2.01,158.13,0,132.21,1.43,2.72,14.44,2.93,63.5
30.71,45.38,1.92,132.19,0,139.24,1.45,2.79,17.6,3.02,70.11
32.24,47.56,2.04,172.15,0,157.3,1.44,2.74,15.68,2.95,51.6
31.33,55.45,2.16,112.71,0.02,92.02,1.38,2.73,15.52,3.01,52.04
30.82,52.08,1.41,135.59,0,111.58,1.39,2.73,13.21,3,56.03
30.54,49.99,1.84,146.94,0,195.39,5.32,11.28,14.88,13.06,52.06
30.29,46.53,1.19,143.12,0,156.1,19.83,38.89,23.16,44.06,82.55
30.32,47.72,1.21,253.03,0,209.19,27.62,78.66,19.92,105.56,97.67
31.3,57.44,2.19,197.54,0,68.38,3.13,22.86,12.1,38.3,28.11
31.57,79.9,2.42,80.46,0.98,58.08,2.21,14.79,12.19,24.34,47.21
29.98,74.48,2.71,100.33,0.21,101.89,2.36,13.32,10.58,21.42,58.97
28.02,69.35,1.65,142.92,0.16,69.48,3.59,25.66,17.89,42.78,38.08
29.53,58.51,1.77,175.68,0.16,59.98,4.58,20.47,11.52,31.47,33.51
28.88,57.17,1.63,290.87,0,368.18,4.93,15.81,12.17,22.25,121.58
30.05,48.47,1.9,301.34,0,125.89,1.94,10.97,12.63,17.67,51.71
30.36,42.96,2.1,269.8,0,121.83,4.44,18.41,14.16,27.59,38.47
27.78,46.26,1.35,268.99,0,162.75,36.49,53.01,16.33,43.1,76.83
23.85,45.65,1.43,209.82,0,161.73,23.21,39.64,14.8,38.98,57.38
26.02,53.03,2.72,194.84,0,99.48,2.08,11.95,11.85,19.22,27.94
26.66,52.24,3.43,189.35,0,104.11,2.07,9.62,10.61,14.89,17.34
28.15,53.32,2.14,183.25,0,132.51,2.17,12.27,10.84,19.67,24.24
27.93,47.16,1.3,200.2,0,160.82,8.51,30.9,19.18,45.02,56.22
28.92,64.2,2.46,119.24,0.09,92.13,2.77,12.01,11.72,18.33,37.69
30.28,57.25,1.67,182.34,0,105.03,8.15,20.3,22.77,25.67,68.71
30.26,56.12,1.31,159.1,0,150.43,2.63,16.37,22.69,26.67,88.11
31.78,57.06,1.41,117.75,0.19,194.44,2.8,15.85,20.74,25.49,107.25
31.54,56.27,1.48,155.75,0.01,124.79,6.71,25.43,16.93,37.51,51.97
31.21,56.46,0.78,233.9,0,164.16,13.03,28.65,12.29,33.88,49.48
30.32,52.54,1.25,235.49,0,183.06,13.96,30.02,19,35.07,68.1
32.11,46.97,1.62,277.78,0,427.59,24.17,39.88,14.11,37.59,84.57
27.27,44.5,1.93,275.3,0,340.02,4.05,14.6,12.84,21.24,54.34
29.78,57.01,2.1,163.56,0.03,199.75,2.74,13.39,13.93,20.96,58.12
30.71,59.28,1.99,156.9,0,157.08,2.64,14.68,13.24,23.54,39.82
30.47,59.33,2.29,160.43,0.01,100.48,2.74,13.22,13.24,20.75,39.04
29.69,62.46,1.62,206.96,0,83.19,2.59,11.94,15.09,18.48,41.04
30.88,56.78,1.62,151.09,0,93.54,2.77,11.65,15.39,17.68,41.99
32.43,57.03,1.99,214.68,0,118.23,2.96,11.79,12.98,17.63,32.07
33.61,62.92,1.76,124.99,0,71.93,2.66,13.04,16.39,20.44,41.3
34.72,63.24,1.64,96.26,0,111.77,3.02,12.62,19.61,19.13,63.31
33.74,62.53,1.67,128.33,0,71.83,2.87,11.25,13.74,16.76,29.16
34.9,67.66,2.38,85.2,0,68.51,2.58,8.16,16.04,11.39,36.81
34.75,69.96,2.06,58.04,0.01,48.12,2.22,7.12,12.28,9.98,30.98
34.01,62.44,1.29,100.28,0,87.22,3.7,13.57,17.72,19.82,51.01
35.9,53.69,1.52,184.8,0.08,155.07,7.16,20.32,15.9,27.22,51.48
35.31,50.67,1.31,214.03,0,261.6,22.42,35.45,20.96,32.33,81.12
33.59,58.23,2.26,151.43,0,154.93,3.91,16.2,14.81,24.73,59.77
34.4,53.91,1.67,156.47,0,191.1,3.44,18.09,18.14,28.73,70.07
34.2,57.59,1.49,157.05,0,138.41,13.65,29.58,15.25,34.59,49.35
33.19,55,1.48,149.22,0,182.91,3.51,14.07,18.35,21.08,79.71
32.83,54.18,1.49,175.65,0,159.33,9.67,26.67,13.9,35.37,71.35
35.09,50.53,1.86,242.35,0,220.45,32.49,48.9,14.61,42.18,85.67
36.67,42.88,2.18,284.9,0,379.73,17.07,31.77,13.42,32.35,61.31
37.24,43.61,2.1,270.08,0,265.89,11.38,23.04,13.28,25.58,47.46
35.24,54.25,2.19,260.49,0.24,272.1,5.11,16.16,13.05,22.51,58.78
35.5,60.66,1.88,204.4,0.06,124,7.45,22.59,9.22,31.07,38.97
35.08,59.65,1.14,200.5,0,187.29,25.69,40.45,17.18,36.02,90.8
36.7,55.5,1.08,231.88,0,147.76,6.7,18.91,12.61,25.28,49.9
36.86,52.86,1.45,295.4,0,142.85,2.76,12.67,12.55,19.61,42.58
37.47,52.41,1.61,285.38,0,195.94,23.05,34.75,13.4,29.96,53.69
38.64,47.94,1.97,238.91,0,219.02,8.72,18.15,11.68,20.8,44.18
38.87,58.13,1.86,135.36,0,106.8,2.68,13.99,18.24,22.21,48.02
36.67,55.18,1.63,134.94,0,83.99,2.59,11.6,17.96,17.82,37.14
34.24,60.12,2.08,148.95,0,100.79,2.43,10.39,13.27,15.79,47.13
35.57,63.38,2.08,152.45,0,80.32,2.96,13.01,19.29,19.95,37.22
36.22,74.11,1.9,124.83,0,55.62,3.54,14.05,12.83,20.97,36.42
37.01,79.48,1.96,90.48,0,68.61,5.25,16.28,12,22.62,46.23
37.62,73.39,2.04,75.05,0,64.38,4.06,12.79,11.8,17.75,46.46
37.84,64.13,1.28,102.18,0,82.55,3,12.72,17.6,19.24,52.83
35.74,60.73,1.38,190.66,0,90.92,3.03,15.36,14.83,24.23,58.66
37.03,69.46,5.64,158.21,0,74.46,5.03,23.35,9.15,36.21,42.98
36.24,87.6,4.12,169.06,0,29.48,3.15,15.51,6.97,24.33,21.03
34.87,81.48,7.42,135.35,0,57,15.66,26.83,8.47,26.41,41.81
32.91,72.04,12.28,113,0,86.09,18.46,32.06,11.33,31.98,47.55
32,73.28,16.55,90.23,0,52.05,2.64,10.44,13.6,15.56,31.12
33.88,69.42,16.45,90.24,0,79.3,6.95,18.15,16.79,23.54,42.98
36.07,70.87,12.79,108.64,0,105.13,5.43,18.25,13.21,25.8,78.07
36.83,65.33,0.36,249.31,0,92.91,5.28,16.61,11.44,23.14,54.33
34.45,70.86,0.41,241.01,0,99.22,3.38,15.89,12.51,24.38,66.06
31.03,85.04,0.46,155.79,0,61.78,8.74,22.43,9.29,28.78,46.56
32.07,89.65,0.54,105.53,0,32.87,13.11,22.97,7.3,23.06,20.69
34.13,81.23,0.46,115.12,2.15,51.81,20.47,25.79,6.59,17.11,27.98
33.61,81.66,0.44,148.48,0.04,49.22,5.82,12.48,7.98,14.54,37.03
34.52,74.15,0.41,198.24,0,68.15,8.31,13.25,8.3,12.07,37.14
34.7,82.07,0.42,158.16,1.63,104.2,21.01,22.53,6.49,10.31,46.26
35.68,81.81,0.44,193.44,0.14,74.39,15.67,17.14,6.22,8.19,49.1
34.44,71.46,0.37,179.42,0,,5.26,9.19,7.51,9.2,38.61
32.7,68.36,0.34,202.15,0,,8.46,12.37,7.26,10.24,38.67
31.48,72.16,0.39,187.91,0,,10.67,12.66,7.13,7.43,56.56
32.65,69.98,0.32,179.27,0,,12.69,17.1,8.38,12.71,31.91
32.58,77.68,0.34,200.88,0.74,17,13.98,27.33,12.18,29.91,51.44
34.11,81.55,0.33,177.98,0.25,13,8.25,22.98,15,30.57,59.43
32.68,77.83,0.33,203.93,0,,8.81,19.9,18.43,24.3,50.59
32.95,66.41,0.32,83.56,0,,19.48,28.39,9.35,23.66,46.76
34.41,62.2,0.47,58.93,0,,6.92,17.79,9.06,22.84,29.74
34.51,62.77,0.33,73.88,0,185.27,10.23,19.13,7.18,20.34,25.99
34.15,59.57,0.37,64.58,0,141.53,7.77,15.84,7.16,17.87,29.06
34.83,59.42,0.33,81.31,0,143.13,3.63,11.14,8,15.38,27.3
33.37,57.73,0.35,104.58,0,159.92,6.57,14.01,10.03,16.27,33.37
32.7,67.06,0.33,104.5,0,186.9,12.38,21.21,8.78,20.38,49.26
33.47,67.51,0.33,99.81,0,192.56,27.93,35.81,11.51,24.54,59.89
35.87,65.84,0.31,170.65,0,209.88,5.93,18.95,19.32,26.51,97.06
35.3,75.54,0.32,229.09,0.06,86,3.04,12.2,8.73,18.12,38.36
34.79,80.04,0.31,200.15,1.21,43.43,3.39,12.98,9.93,19.2,29.4
35.58,76.63,0.31,272.2,0.18,81.68,7.6,19.77,9.15,25.84,41.69
35.52,75.37,0.29,164.41,0,92.54,9.4,20.17,11.02,23.27,45.55
,75.94,0.37,121.06,0,137.52,20.05,31.35,9.53,28.23,69.53
36.88,63.74,0.38,208.38,0,162.02,11.09,24.72,7.47,28.99,58.2
35.57,63.11,0.32,234.43,0,148.65,14.78,23.94,7.69,22.28,27.75
35.33,61.24,0.36,227.68,0,211.33,9.61,21.6,8.61,25.89,42.08
35.51,69.53,0.59,232.77,0.17,184.61,9.47,24.83,12.3,31.52,70.21
32.49,70.68,0.85,248.83,0,160.78,4.64,17.88,10.21,26.54,71.01
33.09,69.76,0.78,206.58,0,59.59,2.23,9.12,9.49,13.77,27.28
33.73,81.77,0.84,198.29,0.49,54.85,4.56,15.32,11.18,21.88,33.23
34.12,85.08,0.9,153.8,1.92,48.85,3.95,11.78,8.77,16.09,36.45
34.5,77.99,0.97,187.43,0.23,77.08,14.42,22.38,10.29,19.97,43.67
35.31,74.76,0.86,184.08,0.01,69.64,9.05,17.46,8.6,18.92,30.36
34.25,79.71,0.94,189.25,0.35,82.92,15.44,27.49,12.75,28.03,47.99
34.86,76.36,1.26,214.77,0,107.47,32.55,38.3,9.55,22.85,53.01
34.06,72.21,1.03,189.98,0,178.83,14.7,30.62,13.51,35.04,103.87
34.26,74.1,0.82,232.01,0.5,100.2,3.14,12.35,10.73,18.35,52.72
33.63,69.91,0.69,238.9,0,81.85,4.51,15.85,16.09,22.95,31.16
31.48,69.78,0.82,228.1,0,99.65,4.66,18.18,16.32,27.06,38.92
30.76,72.03,1.67,235.93,0.03,98.39,4.45,15.75,15.04,22.94,49.78
32.74,83.58,2.03,208.38,2.18,50.15,2.58,12.11,13.84,18.78,33.44
33.32,78.53,0.62,181.12,0.05,82.17,5.77,19.04,23.3,27.3,51.53
32.2,78.69,1.35,173.15,0.02,76.27,5.15,15.05,20.83,20.4,42.29
33.52,74.12,2.48,160.99,0,67.42,3.88,11.71,16.89,16.02,30.86
34.79,67.11,1.5,249.22,0,112.29,22.08,29.94,23.21,22.46,29.44
33.83,81.03,1.34,110.49,0.37,101.45,40.12,47.63,13.24,28.08,30.66
33.9,75.04,2.5,24.37,0,60.99,2.82,11.01,14.53,16.37,24.91
34.01,70.3,1.74,53.87,0,83.2,3.61,12.8,19.66,18.91,42.67
33.45,68.58,1.43,24.11,0,116.4,7.21,19.79,26.69,26.16,46.15
30.66,69.39,0.94,18.39,0,103.9,11.42,24.69,21.5,28.88,41.67
32.46,73.07,1.54,23.63,0.12,104.97,14.69,27.1,13.66,28.07,37.43
32.46,76.07,1.98,13.31,0,89.17,7.89,19.6,19.45,24.75,42.61
32.95,73.81,2.6,51.07,0.96,81.52,3.9,14.85,23.31,21.94,30.36
33.9,77.14,1.23,117.19,0,54.62,4.81,15.65,21.76,22.05,29.93
31.03,73.55,1.3,103.55,0.08,78.04,4.56,13.32,21.1,18.07,48.72
31.88,73.33,1.4,115.48,0,113.66,5.85,17.9,37.5,24.78,57.65
33.41,70.65,0.96,107.27,0,133.39,5.77,16.75,57.79,22.61,71.9
34.21,67.3,1.36,89.05,0,130.25,4.55,15.92,23.88,22.97,60.69
34.34,65.46,1.39,99.74,0,118.94,4.73,16.52,11.7,23.97,45.44
33.38,67.96,0.67,114.09,0,119.21,19.08,31.72,8.24,30.39,41.96
31.97,74.56,0.48,119.14,0,165.93,48.92,65.9,6.96,48.87,72.61
32.49,72.36,0.85,115.32,0,139.47,17.6,26.67,5.31,23.33,70.68
32.09,69.97,1.14,115,0,114.91,23.26,31.37,4.85,23.39,46.49
32.84,65.89,0.75,101.97,0,111.65,22.64,30.82,5.99,23.32,32.98
32.86,65.61,1.31,94.7,0,126.31,6.72,20.95,7.91,28.56,48.78
33.91,70.49,1.11,111.07,0,109.14,3.72,12.61,6.25,17.98,52.36
34.4,68.18,1.13,111.95,0,142.8,4.8,16.48,7.9,23.62,63.88
34.42,68.2,1.05,97.21,0,210.57,40.9,51.83,7.02,34.82,81.88
34.08,66.73,0.69,103.04,0,217.75,48.7,63.14,6.86,41.98,78.36
33.44,68.22,0.8,109.94,0,217.08,77.69,82.88,6.37,36.69,77.95
33.87,66.82,0.63,97.66,0,201.08,46.42,58.68,6.1,39.27,73.88
33.95,63.11,0.86,108.48,0,205.9,33.31,47.5,6.85,38.38,77.42
34.55,60.55,1.74,91.22,0,230.68,3.8,19.32,10.44,30.53,93.44
33.94,57.89,1.69,81.96,0,204.67,9.87,26.62,7.15,34.56,77.01
33.32,62.93,0.5,94.01,0,229.45,27.83,47.44,8.82,46.33,100.25
32.66,68.2,0.4,99.76,0,281.58,24.19,43.33,12.05,44.69,191.79
32.45,78.21,2.35,138.11,1.38,207.62,3.87,18.73,8.59,29.52,164.51
32.74,84.71,2.86,149.57,0.42,20.88,2.9,9.72,1.9,13.8,10.39
32.69,74.99,1.72,119.36,0,100.93,3.97,19,4.53,29.43,56.04
32.9,71.19,1.02,110.09,0,253.57,34.98,56.31,9.22,52.27,121.52
32.88,59.65,1.03,84.17,0,271.4,49.95,71.18,7.94,57.27,78.78
31.48,59.4,1.2,84.82,0,218.19,25,46.89,9.21,50.18,67.53
30.62,64.8,1.24,98.27,0,273.99,94.07,107.95,8.03,58.77,88.73
30.86,66.98,2.79,103.56,0.33,186.47,27.78,43.07,6.74,38.19,52.21
31.64,70.03,1.74,105.49,0,80.23,2.36,15.92,6.71,26.42,40.54
30.22,70.18,1.05,104.61,0,188.95,43.64,56.02,7.18,38.52,73.16
28.3,67.34,1.11,96.94,0,325.25,48.5,68.23,8.84,53.85,149
30.23,69.63,1.03,99.22,0,293.58,74.29,89.34,9.28,54.14,133.34
30.11,71.78,0.66,99.51,0,311.05,101.56,113.11,10.08,57.29,164.74
29.68,63.86,1.34,87.22,0,282.81,47.67,71.71,10.35,61.01,132.77
30.74,65.32,1.09,89.4,0,332.85,39.62,64.6,10.73,60.57,160.15
30.6,61.79,1.17,81.16,0,428.49,106.32,131.01,16.39,83.22,209.56
29.66,62.81,1.52,87.87,0,356.14,52.44,81.91,14.94,73.73,160.25
28.24,68.3,0.88,92.79,0,361.17,67.17,94.88,8.62,75.43,191.81
27.71,76.33,0.59,106.07,0,484.88,42.99,66.83,5.94,59.79,349.76
27.48,78.73,0.43,112.88,0,582.36,70.03,90.97,8.38,63.7,458.02
27.25,65.84,0.98,85.27,0,466.96,27.81,57.93,9.85,66.21,351.91
27.59,66.17,0.86,80.07,0,477.68,61.61,87.24,9.62,69.6,339.62
28,66.48,0.91,78.32,0,446.6,57.22,86.74,10.03,75.38,301.24
28,69.08,0.89,80.79,0,463.3,80.39,102.38,14.71,69.31,308.99
28.61,73.33,0.57,87.04,0,430.62,116.66,134.91,11.55,72.63,239.01
28.36,78,0.4,93.04,0,562.67,197.97,215.69,7.64,102.06,355.96
28.1,76.95,0.49,89.75,0,551.08,162.31,172.14,7.65,74.9,379.25
27.18,72.72,0.8,76.44,0,441.35,153.96,161.57,7.37,67.85,281.46
26.53,70.22,0.53,58.07,0,354.17,151.36,156.33,10.3,61.88,216.44
27.16,73.83,0.46,66.99,0,379.8,131.34,142.74,7.54,67.21,239.69
27.03,71.97,0.79,59.2,0,434.66,126.31,136.08,8.2,62.28,279.69
26.94,73.88,0.77,56.17,0,417.04,173.26,176.59,6.37,66.24,257.93
26.47,73.68,0.51,63.72,0,318.02,77.11,99.36,9.25,68.55,207.79
26.36,71.45,0.63,58.84,0,382.86,95.35,120.53,15.53,80.33,247.6
25.8,71.23,0.74,58.86,0,389.66,100.97,124.81,10.24,79.77,255.29
25.77,63.84,1.25,125.81,0,321.75,50.71,76.09,7.27,65.3,200.21
25.57,51.14,1.94,336.19,0,279.41,4.25,33.3,9.91,56.04,148.04
25.15,61.64,0.89,255.88,0,325.52,36.53,63.85,8.66,63.99,167.79
24.74,70.5,0.38,207.45,0,531.14,129.2,162.25,12.06,106.99,332.49
24.65,75.25,0.48,117.79,0,462.08,106.94,131.09,11.09,80.51,292.36
24.65,75.94,0.5,82.06,0,467.75,75.49,99.12,9.36,70.8,320.07
25.3,76.82,0.64,39.33,0,432.74,104.98,124.64,10.08,73.24,270.92
25.72,78.09,0.46,47.36,0,411.55,42.63,64.26,10.49,55.49,285.38
25.62,72.96,0.88,169.98,0,325.12,58.43,78.69,8.35,58.51,204.83
25.57,67.01,0.88,220.64,0,296.04,74.6,88.67,7.38,52.33,164.22
26.5,77.28,0.41,32.71,0,477.6,112.97,137.49,6.04,83.28,306.13
25,79.75,0.77,59.85,0.02,380.61,31.83,61.18,8.22,66.27,271.01
24.96,77.16,0.7,51.18,0,309.29,36.53,57.74,4.91,52.48,221.23
24.71,75.56,0.62,36.56,0,325.65,129.7,134.22,4.66,53.55,178.2
24.89,75.23,0.47,48.37,0,362.22,97.25,115.45,7.82,68.03,205.33
24.87,73.78,1.52,70.33,0,208.64,11.64,32.21,8.2,42.78,144.08
25.09,69.73,1.31,53.76,0,192.39,27.7,46.9,5.87,45.71,103
24.73,68.93,1.15,252.07,0,202.98,56.75,70.24,6.59,45.07,116.58
25.05,77.06,0.67,219.41,0,342.76,123.14,129.52,5.16,54.59,191.98
24.48,73.39,0.98,250.32,0,286.27,64.44,80.05,5.68,51.64,162.52
24.39,69.96,0.88,289.34,0,249.72,73.54,87.43,6.12,51.56,133.23
24.96,73.6,0.5,244.93,0,288.97,130.26,136.86,4.52,57.55,160.14
25.23,76.74,0.81,229.56,0,381.9,128,135.62,4.48,58.73,240.9
25.57,77.41,0.71,216.16,0,361.52,67.42,81.88,3.43,49.1,232.79
25.97,72.62,1.56,258.93,0,247.6,9.65,27.72,4.58,37.33,181.59
24.92,63.69,2.37,305.05,0,334.83,2.67,23.46,8.65,40.4,234.57
24.02,65.59,3.15,324.29,0,241.6,2.41,18.36,11.45,30.81,160.61
23.26,64.15,2.56,170.36,0,231.51,3.33,21.95,3.48,36.18,140.9
23.5,65.71,1.5,42.9,0,260.86,17.7,37.64,5.03,43.43,163.71
22.94,70.36,1.01,47.54,0,312.07,59.11,74.31,5.07,49.14,195.2
22.43,75.44,0.81,43.71,0,431.91,111.7,120.22,4.8,54.79,296.33
22.24,75.96,0.82,47.82,0,471.89,112.62,126.36,7.08,63.27,316.92
22.45,77.26,0.93,15.22,0,670.19,168.6,177.1,9.77,74.44,466.48
22.83,79.06,0.71,6.55,0,611.52,165.09,168.67,6.11,63.43,392.19
23.79,78.42,0.63,9.69,0,558.04,69.24,89.65,7.18,62.51,380.08
21.84,81.7,1.41,11.22,0.03,567.68,51.21,70.75,8.12,54.56,405.49
21.22,73.04,1.12,28.69,0,136.68,20.19,32.77,5.66,30.84,95.72
14.41,77.15,0.87,29.31,0.02,231.51,26.36,49.22,8.27,52.12,147.69
10.75,76.52,1.14,24.14,0,246.14,96.94,99.78,4.61,36.73,136.52
11.05,74.69,1.01,38.03,0,291.14,66.55,76.07,6.55,41.05,162.55
11.29,77.6,0.72,39.86,0,340.64,54.57,67.03,5.16,42.29,201.91
11.84,73.94,0.87,42.82,0,411.69,108.1,114.53,6.96,49.73,243.77
12.13,78.16,0.7,36.23,0,473.86,147.43,147.39,9.79,50.95,311.92
12.69,76.4,0.62,20.78,0,469.61,146.1,151.5,9.07,61.04,293.83
12.84,70.41,0.99,7.87,0,426.45,126.8,136.15,13.19,61.65,264.72
12.97,84.22,1.14,19.42,0.17,391.05,46.31,68.91,10.9,58.57,307.35
12.36,77.42,1.67,29.15,0,187.42,13.26,34.72,12.04,44.93,134.88
11.95,78.34,2.54,71.89,0,134.89,8.45,26.98,9.52,37.78,80.12
10.4,86.46,2.33,15.29,0.72,81.81,3.82,22.01,11.24,35.5,66.98
9.96,88.41,1.8,20.71,0.18,49.2,2.81,14.84,6.83,23.58,37.41
11.71,82.7,1.67,15.22,0,125.88,13.66,30,14.16,35.5,71.35
11.19,81.88,2.11,15.51,0,129.69,17.75,32.1,8.87,33.15,69.42
11.75,80.74,1.35,19.83,0,182.09,16.56,34.79,10.3,40.06,95.14
13.07,88.07,0.76,18.61,0,294.73,41.79,59.77,8.76,47.66,171.33
12.08,90.89,1.37,19.06,0,230.9,25.4,42.29,11.83,40.53,130.75
13.68,86.15,1.93,18.8,0,174.95,4.12,17.45,7.83,26.49,94.2
14.1,81.14,2.02,7.19,0,226.52,4.75,20.05,8.12,30.41,133.61
13.73,80.26,1.52,6.97,0,349.74,18.65,41.23,10.68,48.27,192.48
12.57,81.85,1.93,12.19,0,295.91,8.01,25.09,9.1,34.9,163.1
11.79,82.43,1.8,20.98,0,334.5,19.32,34.11,10.21,34.58,176.3
11.26,83.73,1.44,11.26,0,448.01,38.4,57.9,18.76,50.02,253.73
11.06,82.66,1.15,27.36,0,351.26,28.79,54.78,19.93,58.76,193.04
10.28,83.08,2.06,73.18,0.32,218.36,5.09,28.32,19.29,45.46,145.45
9.8,85.61,1.26,55.03,0.11,130.83,17.82,30.09,10.96,29.3,86.34
10.12,87.9,0.73,32.3,0,158.97,66.01,69.82,9.07,30.17,91.17
10.15,88.95,0.91,27.62,0,196.42,52,61.17,8.44,35.25,83.15
10.56,85.66,1.42,27.41,0,234.59,53.22,60.75,9.25,32.65,117.29
10.42,78.86,1.8,31.71,0,196.1,22.87,43.92,10.9,47.41,99.28
10.83,65.38,1.99,32.39,0,190.95,20.71,43.7,13.03,50.19,79.58
11.62,72.05,1.05,47.06,0,266.85,58.52,75.99,10.53,53.38,109.28
11.99,67.44,1.68,53.19,0,220.33,6.17,31.4,16.7,49.58,113.48
11.95,82.57,1.83,38.66,0,430.35,97.51,112.48,16.18,62.11,223.29
11.38,84.51,1.51,48.58,0,272.26,38.6,53.44,11.82,40.36,167.95
10.16,72.74,1.97,26.57,0,289.39,3.37,27.83,16.55,47.16,156.1
9.69,79.97,3.46,13.92,0.05,208.36,4.64,25.06,14.22,40.02,132.66
10.5,82.46,2.36,9.07,0,90.3,16.03,26.83,8.52,25.88,51.14
11.28,82.62,1.3,5.66,0,133.22,21.05,36.79,9.11,36.91,75.16
11.85,65.72,1.02,18.16,0,295.62,61.36,88.73,12.31,72.78,124.97
11.88,70.85,1.05,8.48,0,357.91,98.61,118.79,13.36,72.17,157.82
12.96,77.25,0.73,8.49,0,311.92,68.62,87.13,12.88,58.62,137.93
11.4,74.91,2.21,28.88,0.16,165.98,10.66,28.86,13.79,37.99,91.61
11.47,73.63,1.54,17.13,0,205.84,65.41,75.67,10.08,41.27,74.2
13.3,62.31,2.15,41.54,0,180.35,8.72,32.03,13.82,46.85,65.56
11.63,65.1,1.5,34.69,0,221.6,43,63.72,13.14,53.87,80.01
11.58,72.48,0.86,12.32,0,324.81,141.76,152.36,12.04,68.97,126.46
11.09,69.84,1.37,9.83,0,294.88,120.32,126.87,9.45,54.39,114.2
13.79,69.39,1.08,7.04,0,236.32,103.24,112.87,9.15,53.98,86.19
14.02,74.08,1.37,21.66,0,269.47,85.39,100.11,12.36,57.4,119.51
14.1,70.67,1.05,16.52,0,205.58,26.89,52.13,16.34,56.21,91.4
13.79,67.08,1.59,14.39,0,238.3,95.37,104.51,11.91,52.09,99.85
13.11,52.95,2.71,25.63,0,140.36,1.84,18.16,13.62,31.31,51.46
13.29,56.33,2.65,39.11,0,165.13,3.66,25.9,11.77,43.11,63.07
13.11,59.54,1.53,36.04,0,219.66,43.2,63.03,12.31,52.29,66.77
13.2,54.98,3.56,29.7,0,340.23,37.24,56.24,24.29,48.64,105.47
13.78,67.46,2.87,29.27,0,216.65,19.87,37.5,14.29,40.01,99.59
13.98,72.05,1.36,36.44,0,271.99,16.1,37.9,10.58,46.54,123.67
13.69,63.54,2.23,22.93,0.02,295.42,11.66,35.91,14.31,49.76,103.88
14.26,62.99,4.1,30.09,0.04,71.84,2.29,14.14,8.89,23.2,22.06
14.92,66.06,3.17,7.38,0,76.55,5.43,17.73,8.91,24.95,26.58
16.46,61.46,2.39,13.73,0,105.81,5.86,22.85,11.32,33.99,32.4
15.79,67.57,1.6,9.84,0,177.18,26.99,45.01,11.58,43.3,64.26
14.44,77.16,0.92,7.34,0,256.62,64.44,81.56,12.3,54.62,99.77
15.77,62.59,1.78,10.37,0,183.35,7.86,27.15,16.41,39.04,67.38
15.42,68.86,2.44,15.21,0,152.79,6.61,18.29,11.4,24.37,62.68
15.1,64.8,1.99,46.07,0,114.8,2.67,17.09,11.58,28.03,40.94
16.13,65.3,1.12,23.86,0,174.93,10.31,31.46,15.69,43.53,67.53
14.82,67.48,1.41,16.92,0,281.47,44.68,63.6,14.85,51.1,120.07
14.51,65.95,1.17,77.71,0,242.31,40.54,57.09,15.07,44.45,93.85
14.33,58.43,2.24,123.2,0,183.28,16.5,34.86,17.4,40.47,54.76
14.36,58.15,1.88,76.29,0,156.64,3.08,20.65,15.68,34.3,49.68
13.68,63.55,1.73,72.24,0,181.18,11.44,30.81,17.72,40.39,61.47
19.46,60.88,1.48,111.94,0,179.25,12.09,32.56,16.9,43.14,60.26
20.76,62.5,1.47,98.78,0,229.49,28.64,49.32,20.04,48.87,76.05
20.69,68.74,1.34,147.87,0,262.66,46.4,61.58,15.74,44.7,99.46
21.13,69.18,1.3,138.85,0,261.29,39.94,54.39,17.13,41.07,104.45
21.25,62.58,2.14,84.34,0,230.57,4.25,25.63,17.46,41.65,76.33
22.01,67.75,0.91,110.86,0,262.38,17.41,37.85,22.39,44.4,103.17
22.75,53.94,2.31,313.9,0,246.06,4.22,25.05,15.84,40.64,102.37
22.88,61.4,1.56,268.21,0,245.5,14.69,39.52,17.69,51.71,99.79
22.47,59.65,1.16,190.2,0,262.43,32.63,56.13,20.04,55.4,91.36
22.87,62.24,2.04,127.39,0,274.38,10.16,30.72,17.14,42.22,117.01
23.69,57.36,2.02,112.71,0,198.88,3.37,18.06,17.38,28.79,64.65
24.02,59,1.2,144.33,0,297.27,68.3,84.62,16.61,54.3,96.16
25.03,57.22,1.45,177.11,0,327.75,58.57,74.74,13.41,50.78,107.89
25.94,55.46,2.03,116.95,0,239.51,11.19,30.49,14.81,40.41,78.42
24.93,48,2.39,95.06,0,241.26,4.42,25.06,21.94,40.68,69.45
28.43,47.96,1.81,154.83,0,259.22,44.75,61.44,19.16,46.95,75.58
26.65,53.27,1.52,226.52,0,330.81,146.89,154.66,12.79,65.61,91.2
26.52,51.99,1.2,73.54,0,364.28,103.3,112.77,20.69,53.72,115.98
26.05,52.61,0.79,108.66,0,371.61,120.32,130.13,24.46,59.81,111.55
25.29,52.02,1.49,239.92,0,391.94,6.82,34.28,24.04,54,135.69
24.76,40.23,1.86,129.39,0,218.97,13.06,27.47,20.56,31.64,62.3
25.12,37.4,1.07,168.15,0,337.28,71.62,89.77,25.36,59.1,105.21
25.62,35.07,1.65,184.55,0,310.74,,,29.18,,95.44
25.94,36.28,1.53,67.73,0,336.45,9.87,34.29,25.78,49.35,107.85
25.91,36.69,1.27,93.81,0,279.85,64.43,84.08,19.57,59.32,86.7
25.89,39.2,1.3,117.46,0,311.74,86.92,104.17,20.61,62.61,95.97
26.3,38.66,1.12,139.64,0,365.9,126.37,143.01,23.42,75.2,114.19
26.51,37.3,1.02,181.48,0,333.97,92.32,109.42,24.11,64.31,103.69
27.03,38.13,1.02,89,0,338.26,122.03,133.03,19.58,62.93,99.9
26.61,37.67,1.05,95.46,0,331.48,75.07,86.52,22.19,47.67,96.02
27.21,37.99,0.87,83.52,0,342.73,94.14,111.07,23.5,64.63,106.07
27.7,38.92,0.95,96.72,0,331.74,104.73,117.52,17.12,60.42,85.89
26.91,40.63,1.11,113.78,0,385.38,75.89,99.74,15.93,71.09,111.53
26.85,31.57,1.82,116.23,0,380.78,9.4,24.21,19.33,31.14,68.52
26.75,35.03,2.27,195.14,0,302.97,8.32,25.47,24.69,35.12,79.25
27.37,37.17,1.44,193.71,0,353.82,11.46,31.42,29.11,41.46,113.03
27.94,39.41,1.32,184.89,0,337.26,18.26,41.01,27.63,49.06,113.87
28.45,42.71,0.72,207.28,0,382.04,77.02,97.97,20.56,66.07,102.22
28.51,38.13,1.51,153.17,0,480.12,98.13,110.92,24.36,58.21,135.14
28.68,32.53,1.78,166.24,0,337.01,23.32,41.37,22.72,42.01,79.73
28.08,36.99,2.68,157.15,0,447.7,55.09,63.73,20.57,35.35,102.01
28.34,40.6,1.53,188.07,0,262.4,17.12,33.48,16.23,36.72,55.82
29.6,39.56,1.24,172.71,0,324.14,52.34,69.65,21.03,50.75,96.08
28.81,32.95,1.93,157.89,0,338.91,15.17,31.91,23.2,36.43,91.59
28.82,32.24,2.25,163.04,0,297.76,6.4,20.01,20.17,27.79,79.31
28.47,34.49,2.41,175.82,0,257.62,21.8,40.27,18.42,42.52,65.18
28.61,39.05,1.38,166.29,0,520.18,125.92,135.1,28.8,61.02,183.1
29.44,39.35,1,120.41,0,480.83,135.66,150.36,25.56,74.83,186.03
29.98,34.29,1.61,165.2,0,470.17,82.48,102.81,27.97,66.95,180.57
27.73,33.37,1.32,135.85,0,386.73,80.93,104.26,25.8,71.9,147.17
26.19,40.9,3.05,203.61,0,399.2,21.61,31.53,23.66,26.25,114.71
30.38,41.19,2.91,150.6,0,303.55,5.9,17.33,18.51,23.54,85.58
34.9,43.04,2.48,161.12,0,377.42,5.75,15.66,20.23,20.65,113.13
35.76,47.9,3.35,155.95,0.11,269.71,6.44,19.36,18.26,26.62,92.06
35.06,50.77,1.61,185.16,0.01,179.04,11.9,30.66,18.11,39.34,76.55
34.58,45.31,1.2,121.63,0,330.5,32.95,62.11,22.62,66.73,138.11
35.33,43.33,1.55,187.34,0,288.83,47.28,64.79,23.33,50.83,107.44
36.33,41.33,2.77,174.88,0,250.73,6.83,24.56,21.93,35.93,89.72
36.56,42.27,2.72,148.55,0,190.24,5.97,17.34,16.16,23.44,68.69
36.01,42.35,2.14,211.31,0,185.43,6.28,17.98,19.65,24.12,68.58
36.69,40.74,2.4,131.21,0,180.1,6.17,17.18,16.78,22.84,65.32
36.49,40.67,2.94,124.12,0,204.25,6.4,18.36,18.28,24.7,72.62
34.52,45.1,2.53,176.57,0,247.17,16.35,30.79,20.35,32.77,93.27
33.07,40.89,1.23,175.09,0,359.91,111.33,131,21.91,75.62,129.82
34.74,35.2,1.51,124.13,0,408.48,81.83,104.8,23.47,71.56,148.58
34.99,32.82,2.34,168.02,0,463.64,12.07,26.04,16.02,30.48,134.06
35.88,35.9,2.53,205.58,0,262.98,6.69,20.6,31.65,28.52,71.22
36.56,37.25,3.29,207.06,0,303.27,7.8,23.23,25.84,31.7,90.18
36.5,39.29,1.77,137.43,0,313.74,13.85,36.51,28.83,47.39,94.41
37.28,36.27,2.3,153.16,0,416.23,12.55,36.53,24.44,49.47,104.68
38.17,31.78,4.36,147.35,0,386.01,6.45,16.91,11.16,21.88,77.73
36.87,38.08,2.31,197.57,0,217.85,13.31,24.74,18.16,26.1,69.95
37.6,54.87,6.18,190.91,0.6,113.03,6.31,14.57,13.08,19.03,31.56
38.84,57.48,2.41,196.36,0.22,91.66,8.81,19.73,12.47,23.58,42.45
38.74,55.82,1.36,210.21,0,172.2,11.48,23.85,12.88,27.19,84.81
38.07,51.6,1.75,211.45,0,215.06,10.71,27.06,19.06,34.33,115
38.05,45.81,2.09,177.76,0,252.18,16.74,39.6,20.2,48.86,96.12
38.44,44.26,1.96,124.06,0,328.7,11.11,28.41,15.38,36.39,76.49
39.74,46.46,2.75,181.92,0.15,268.37,10.61,24.49,14.66,29.75,74.81
38.81,49.95,2.37,139.96,0.15,230.38,28.57,45.16,15.95,41.45,74.35
36.67,50.94,0.44,185.76,0,344.48,53.74,71.79,18.56,51.04,104.86
31.46,42.83,1.12,179.47,0,369.2,72.07,85.61,16.35,50.52,110.78
30.49,39.47,0.74,191.55,0,277.51,32.2,55.53,16.19,54.98,72.71
27.17,40.71,1.06,189.49,0,337.6,92.62,105.77,19.83,56.91,90.97
29.35,38.81,1.02,161.76,0,308.7,94.2,107.79,18.05,56.13,81.03
32.12,31.67,0.87,106.66,0,292.17,44.51,61.18,13.67,46.85,61.04
33.61,30.32,0.66,180.99,0,258.38,54.43,73.67,14.14,55.02,49.89
32.6,30.84,1.34,114.67,0,417.39,37.64,55.76,14.65,47.11,78.74
31.52,28.89,1.47,114.95,0,427.53,21.91,38.7,16.91,39.51,75.45
31.64,31.67,0.8,113.5,0,296,22.06,40.27,11.62,41.85,51.4
33.26,33.81,1.27,168.72,0,383.56,23.77,41.45,10.89,41.52,79.89
33.58,30.48,1.33,132,0,347.02,10.75,27.9,15.31,35.64,75.8
33.08,32.9,1.17,139.47,0,325.61,20.65,33.02,14.41,30.35,72.1
33.67,32.97,1.82,109.21,0,246.39,5.95,19.42,11.02,27.38,43.71
34.86,38.45,1.75,119.89,0,281.09,4.46,14.03,13.65,19.57,52.72
34.77,38.48,1.69,111.14,0,132.57,4.51,13.42,9.1,18.31,26.18
35.33,46.47,3.05,140.49,0.15,117.54,11.4,23.18,9.33,26.12,28.55
35.47,60.83,2.47,142.11,0.11,87.29,13.55,26.27,8.5,28.62,29.47
35.71,69.28,1.37,171.15,0.19,84.16,7.23,16.81,7.98,20.54,41.89
35.12,67.53,0.34,151.58,0,115.2,6.78,17.72,10.43,22.93,48.39
35.54,63.49,0.35,116.23,0,157.29,8.83,24.55,12.36,32.62,61.07
35.1,62.06,0.4,117.7,0.31,160.17,17.99,39.98,11.54,47.58,57.12
36.06,61.23,1.47,192.29,0,154.16,6.11,17.88,11.2,24.23,56.78
34.09,53.21,1.06,172.3,0,164.92,4.98,15.44,9.71,20.93,47.87
35.06,48.83,0.65,174.67,0,206.65,8.31,22.49,13.54,29.56,56.67
32.35,50.11,0.58,156.72,0,282.96,74.35,87.44,18.36,50.42,78.75
29.24,53.58,0.84,185.65,0,176.48,4.88,14.37,,19.62,69.26
28.99,53.91,0.79,232.82,0.15,153.38,4.78,13.59,16.23,18.22,56.85
29.07,55.72,0.69,168.34,0,185.2,5.31,17.67,17.41,25.07,83.25
29.9,58.94,1.24,174.92,0,178.7,6.58,21.27,18.12,29.66,87.75
30.2,77.99,0.7,202.91,0.13,96.27,4.88,18.06,16.28,26.47,65.93
30.56,78.32,0.37,185.65,0.01,94.28,8.29,23.44,14.46,31.35,59.46
31.39,72.15,0.64,154.03,0,132.7,15.31,27.81,16.86,28.87,66.55
31.35,74.84,0.58,121.98,0.45,79.92,14.25,24.63,11.72,24.45,44.51
31.94,69.71,0.31,163.9,0,166.31,17.36,33.54,12.69,36.42,89.59
33.86,65.17,0.31,245.01,0,179.94,9.48,25.02,16.98,32.51,94.02
34.36,63.55,0.91,264.56,0,131.17,3.4,12.57,15.02,18.41,69.09
34.66,60.1,0.8,235.73,0,118.99,3.65,13.67,13.05,20.1,55.19
33.5,55.11,0.59,219.35,0,122.42,3.48,14.97,15.72,22.56,47
29.06,66.35,0.94,262.7,0,125.62,4.24,16.71,18.15,24.91,52.46
29.25,70.56,0.66,195.96,0,85.64,3.64,11.09,12.41,15.22,40.35
30.89,70.07,0.51,202.03,0,111.56,7.4,19.77,13.59,25.59,51.09
30.39,76.1,0.78,224.67,0.71,82.08,10,21.24,9.75,24.59,45.42
32.26,69.39,0.68,219.84,0,78.18,4.62,13.79,12.91,18.84,37.21
33.16,65.68,1.22,225.01,0,94.25,3.98,13.51,14.67,19.18,36
33.29,58.69,1.24,214.01,0,90.35,3.11,9.98,11.56,14.01,25.89
33.68,78.07,0.57,194.7,1.2,50.22,6.44,19.95,11.27,27.84,25.71
34.26,75.99,0.32,193.97,0.19,55.85,3.68,11.59,10.65,16.1,31.08
31.32,67.05,0.28,232.96,0,105.22,3.72,12.32,12.98,17.36,51.24
30.68,63.78,0.29,135.96,0,116.75,4.78,19.96,12.37,30.22,43.85
31.47,77.64,0.64,100.53,0.37,91.14,13.31,28.43,10.07,33.02,43.13
30.06,75.64,0.29,199.69,0,89.68,5.16,16.41,11,22.95,54.71
31.37,77.12,0.36,204.16,0.07,108.62,6.22,20.88,19.9,29.7,67.95
31.79,73.13,0.59,285.07,0,81.39,4.03,14.04,15.64,20.21,45.9
33.65,69.47,0.62,261.2,0,71.81,4.32,14.04,13.1,19.77,31.35
29.3,67.01,0.75,264.8,0,69.14,3.52,10.99,14.74,15.26,28.18
30.35,67.85,0.71,258.32,0,69.46,3.71,11.9,15.52,16.67,31.71
32.68,69.12,0.51,207.43,0,79.88,3.87,14.39,14.73,21.12,35.1
33.05,72.65,0.51,107.1,0,58.85,7.67,20.32,9.92,26.44,25.09
30.12,80.23,0.4,79.44,0.5,58.07,15.78,27.57,8.19,27.94,19.63
29.89,79.78,0.37,89.89,0.32,67.03,20.93,31.49,7.99,27.17,22.18
30.11,79.36,0.51,122.88,0.26,54.67,7.78,17.21,8,20.44,21.6
30.61,71.81,0.34,139.65,0,84.12,10.09,20.07,9.8,22.25,30.22
31.35,71.48,0.42,149.21,0,97,14.81,23.7,7.6,21.94,33.26
31.33,76.14,0.54,141.98,0.03,154.81,37.86,47.72,6.66,31.69,53.12
30.99,68.31,0.53,270.89,0.03,107.48,2.98,15.12,13.75,23.85,53.67
30.94,78.63,0.4,219.56,0.44,76.22,3.54,18,10.01,28.49,52.63
30.16,75.03,0.34,210.31,0.01,104.31,6.35,21.61,9.16,31.04,62.58
29.18,82.69,0.5,209.51,0.04,116.31,14.68,29.67,9.04,32.42,58.92
29.37,72.59,0.31,210.69,0,106.86,8.26,20.23,9.2,25.48,51.51
29.41,66.51,0.43,236.34,0,109.08,3.74,15.06,11.87,22.55,53.01
30.66,64.59,0.47,258.71,0,99.57,4.44,16.37,11.32,24.08,36.74
31.2,68.48,1.09,250.58,0,59.87,2.21,10.7,11.58,16.75,14.9
30.42,62.64,0.7,270.2,0,71.67,2.98,12.73,10.9,19.4,20.41
31.58,66.2,0.67,231.39,0,81.95,6.62,18.18,10.7,24.02,31.56
29.9,75.62,0.54,140.7,0.01,88.97,11.12,23.82,6.55,27.94,32.48
30.68,71.73,1.28,234.4,0.02,43.02,2.12,7.97,6.93,11.73,15.86
28.84,67.57,1.73,276.07,0,58.85,2.45,10.93,7.11,16.78,15.27
30.96,66.78,1.57,110.18,0,52.18,5.53,16.47,6.5,22.49,14.13
32.53,66.09,0.44,76.03,0,73.57,11.38,23.5,5.76,26.97,20.12
32.49,65.37,0.77,142.33,0,58.25,4.68,12.14,6.3,15.82,14.41
30.14,69.91,0.43,157.97,0,91.58,5.68,16.13,5.24,21.62,28.71
31.95,69.22,0.97,181.66,0,110.95,2.68,10.98,7.48,16.57,47.18
31.57,65.53,0.8,231.43,0,111.24,2.64,10.55,7.78,15.77,41.22
30.19,63.96,1.86,229.31,0,89.02,4.87,11.62,8.95,14.36,31.07
30.28,67.47,1.12,147.6,0,72.14,7.27,17.17,7.73,21.13,20.83
30.4,67.58,0.36,123.46,0,109.6,12.48,22.66,6.69,23.53,33.14
30.57,67.27,0.74,143.75,0,88.91,5.47,12.52,7.56,15.16,26.4
31.17,65.39,1.05,147.48,0,91.8,4.89,11.4,8.2,13.93,24.52
31.23,63.14,0.88,150.52,0,140.97,11.25,16.69,7.1,14.11,31.52
30.47,62.62,0.71,119.76,0,147.43,10.77,20.12,8.36,21.31,37.65
31.21,66.44,0.46,108.48,0,160.05,19.66,37.27,11.79,39.83,49.43
31.92,63.77,0.54,134.16,0,144.84,12.97,23,8.33,23.4,38.04
31.45,63.71,0.57,155.63,0,142.02,9.76,21.61,8.64,25.59,42.96
30.43,67.32,0.37,149.66,0,184.35,32.28,50.33,8.57,44.75,47
30.79,61.39,0.86,137.03,0,128.27,17.33,25.04,7.38,20.39,28.94
31.15,57.44,0.48,141.68,0,100.34,7.29,14.31,6.62,15.75,21.12
31.31,59.96,0.48,166.93,0,99.55,5.32,14.43,6.48,18.96,22.17
31.01,63.96,0.97,176.27,0,139.35,14.13,23.81,7.8,23.11,34.56
31.27,68.97,0.46,184.24,0,132.64,4.93,17.8,10,25.93,42.64
30.87,62.54,0.5,215.55,0,170.07,3.35,14.18,12.18,21.57,66.64
31.7,63.39,0.48,166.59,0,169.66,7.25,21.66,12.1,29.58,70.22
31.98,70.59,0.62,79.09,0.2,127.77,4.87,16.48,6.13,23.51,65.14
31.31,54.55,0.5,257.7,0,109.54,3.48,13.33,14.19,19.72,34.69
31.95,60.73,0.69,279.09,0,93.39,3.57,12.38,11.27,17.79,26.66
32.47,64.81,0.75,251.95,0.18,77.11,3.65,10.4,6.08,13.96,22.88
31.66,67.97,1.5,245.01,0.01,66.77,3.31,9.17,6.02,12.17,20.56
31.5,78.96,3.28,224.98,0.11,28.12,3.01,6.43,3.4,7.53,11.82
30.29,87.73,0.79,196.51,0.24,18.39,7.23,12.11,3.16,11.65,9.33
31.95,74.27,0.41,141.76,0,107.21,18.4,27.22,5.8,22.95,35.43
32.17,71.14,0.36,171.96,0,168.34,16.39,25.51,7.95,22.86,58.3
30.65,77.22,0.41,213.72,0,211.74,34.94,42.63,5.8,26.58,75.67
33.44,79.01,0.49,209.48,0.62,104.06,14.46,25.25,7.49,25.06,44.06
31.74,82.44,0.53,205.39,0.35,88.33,7.33,22.63,7.55,31.32,43.51
30.84,85.51,1.29,221.24,0.21,42.78,3.5,10.45,4.72,14.28,20.64
29.76,88.01,0.49,247.72,1.32,41.46,3.71,13.13,5,19.12,30.12
27.9,19.54,0.68,171.42,0.54,38.79,6.77,19.22,7.69,25.76,24.52
26.59,10.05,0.3,136.3,0.01,46.03,5.32,13.08,3.1,16.42,21.51
29.46,8.59,0.34,207.23,0,96.65,11.21,18.38,5.17,17.39,43.42
30.03,8.28,0.39,148.68,0,109.75,15.16,23.29,4.33,20.56,36.68
29.04,8.11,0.43,192.92,0,169.94,33.1,38.4,5.13,21.48,58.03
28.81,8.21,0.46,199.67,0,162.36,18.16,27.17,5.59,23.23,65.23
28.28,8.09,0.31,144.87,0,233.84,38.33,50.36,5.42,35.95,85.09
27.28,7.7,0.36,205.55,0,189.19,15.62,27.39,5.41,27.11,77.97
27.29,7.49,0.53,205.19,0,188.18,18.03,28.72,5.15,26.39,67.78
27.7,7.33,0.77,164.89,0,131.7,3.94,13.68,6.7,19.67,39.88
28.52,7.49,0.35,170.56,0,176.84,8.38,22.4,10.94,29.28,61.83
28.92,7.3,0.47,152.16,0,207.31,5.45,21.62,10.32,32.38,92.45
28.92,7.67,1.03,239.85,0,69.88,6.02,15.22,17.37,19.37,15.08
29.14,7.48,0.76,254.73,0,48.09,4.58,11.9,8.93,15.37,17.79
29.09,7.65,0.69,272.05,1.35,36.52,4.23,11.41,5.7,14.95,18.82
28.11,7.55,0.85,237.59,0.25,17.48,3.68,8.99,2.43,11.26,9.29
29.36,7.77,0.59,254.34,0.13,31.01,4.8,11.37,4.9,14,16.19
29.66,8.3,0.33,192.21,0,106.64,10.32,23.58,4.42,28.51,43.04
29.45,8.62,0.28,167.65,0,139.76,11.61,21.29,3.78,22.24,69.11
29.3,8.93,0.35,149.18,0,147.85,13.11,23.28,5.03,23.72,50.58
29.57,8.98,0.52,163.84,0,175.49,4.95,19.9,6.87,29.85,75.1
28.34,9.26,0.43,174.52,0,213.02,23.44,37.01,8.62,33.62,87.41
26.73,9.52,0.29,156.12,0,275.75,51.22,60.67,9.4,35.49,117.2
25.39,10.07,0.28,177.4,0,302.38,80,90.94,9.08,48.26,119.96
25.23,10.52,0.28,156.15,0,307.58,92.11,102.87,9.66,52.23,112.83
25.11,11.01,0.28,205.29,0,350.69,153.02,158.28,6.72,63.06,120.63
27.22,11.04,0.28,167.18,0,332.21,29,52.01,10.02,53.32,153.14
27.44,11.3,0.28,161.03,0,305.65,56.04,73.88,8.38,52.97,135.64
27.02,11.7,0.33,132.67,0,293.91,51.78,63.78,6.62,40.49,130.41
27.13,12.3,0.29,176.73,0,267.14,31.17,49.88,9.86,45.99,138.24
26.9,12.71,0.56,84.29,0,287.24,13.04,32.56,18.01,41.25,183.46
26.86,12.98,0.73,90.07,0,255.24,13.97,30.74,12.23,36.42,145.06
26.76,14.21,0.77,114.08,0,274.93,34.85,54.54,7.56,49.16,150.72
26.55,14.68,0.92,236.98,0,373.11,82.9,99.53,6.89,60.01,209.32
26.89,15.77,0.83,250.6,0,417.35,84.81,103.78,9.21,65.04,259.14
27.41,14.22,0.69,246.72,0,413.96,84.02,97.83,9.61,55.1,265.37
26.81,14.22,0.77,197.25,0,422.14,79.26,92.26,10.61,52.02,245.98
26.09,14.72,0.57,161.94,0,541.77,103.75,124.65,10.48,75.69,333.46
24.86,15.37,0.89,189.15,0,582.01,86.59,117.32,12.33,87.77,353.21
25.3,15.43,1.25,155.3,0,472.58,36.18,55.47,10.19,48.87,291.61
24.84,16.04,0.83,75.19,0,678.1,28.67,49.01,10.32,48.73,530.14
24.99,17.14,0.98,195.04,0,597.55,98.54,121.85,13.96,77.98,396.09
24.99,18.27,1.63,179.73,0,394.54,14.29,36.51,11.05,46.76,242.97
25.17,18.94,1.89,169.08,0,364.3,34.16,52.64,10.33,46.58,202.98
24.94,19.3,1.36,192.81,0,399.27,21.15,39.19,12.47,41.26,255.51
24.84,18.92,1.86,179.39,0,399.1,17.64,32.28,9.13,33.69,288.89
24.93,19.83,1.01,172.39,0,269.55,29.25,51.07,12.55,51.06,138.28
25.64,41.69,1.48,61.9,0,347.72,64.82,77.57,8.71,46.49,217.79
25.52,62.72,1.81,294.86,0,319.82,14.15,33,10.32,40.31,221.52
24.97,56.43,1.9,258.23,0,310.43,12.41,32.85,14.94,42.74,210.5
26.09,60.76,1.45,293.82,0,303.36,50.72,65.56,17.85,45.56,177.65
26.62,62.88,2.13,207.76,0,315.7,137.01,141.85,12.76,56.62,175.07
26.4,65.21,1.08,103.5,0,221.05,35.38,52.87,13.76,45.08,111.89
26.64,57.33,2.15,132.96,0,216.7,10.14,27.23,14.33,35.65,135.93
25.52,63.79,1.7,200.09,0,232.41,11.47,30.29,9.06,28.28,152.07
25.35,66.52,1.2,177.14,0,289.57,30.26,52.84,4.76,22.6,183.71
24.75,71.97,0.79,139.77,0,318.09,73.01,102.49,4.85,29.46,173.35
24.31,70.08,1.06,106.45,0,322.76,60.7,89.39,5.04,28.72,191.95
23.73,64.02,1.44,307.76,0,250.64,21.77,45.91,5.33,24.14,151.46
23.11,58.31,1.6,296.29,0,231.05,19.55,46.23,6.07,26.69,119.96
24.63,59.79,1.54,314.03,0,239.32,39.6,63.42,5.12,23.81,114.33
24.17,60.78,1.51,306.66,0,250.74,52.85,73.94,5.58,21.81,111.54
23.52,71.85,0.88,119.78,0,383,125.72,161.08,4.65,35.38,211.26
21.62,69.5,1.13,197.21,0,361.3,62.38,84.47,5.36,21.89,193.57
20.94,72.17,0.93,208.74,0,347.85,79.79,103.88,5.28,24.11,196.3
21.28,73.52,0.83,173.9,0,344.43,89.95,116.93,5.57,27.26,208.18
21.46,78.5,0.81,160.59,0,430.66,155.41,184.07,4.54,28.67,254.37
21.91,79.76,0.69,135.7,0,421.85,138.61,167.67,4.68,29.16,254.21
22.18,77.11,0.95,173.17,0,436.89,139.74,171.3,5.1,31.63,241.42
21.47,82.29,0.6,115.3,0,473.12,159.62,200.43,4.71,40.81,252.76
21.73,79.63,0.66,63.49,0,405.08,116.54,153.98,4.13,37.44,250.78
21.01,73.9,1.22,221.98,0,401.52,84.53,116.78,5.3,32.27,235.5
20.66,76.77,0.92,145.55,0,369.14,121.55,149.13,6.54,27.62,198.26
20.57,70.35,1.87,188.38,0,300.26,25.72,50.33,5.06,24.62,181.52
20.36,64.83,2.1,310.46,0,233.82,7.66,29.41,4.77,21.77,134.66
20.02,72.5,1.85,132.39,0,275.13,36.28,58.78,4.69,22.5,149.05
20.16,76.38,1.53,21.85,0,323.7,80.13,105.27,5.84,25.16,180.84
20.51,77.43,1.06,115.95,0,353.81,75.88,103.06,5.63,27.21,223.49
19.76,73.76,1.24,196.17,0,261.84,34.15,55.38,5.87,21.21,147.46
20.67,63.87,1.86,127.78,0,223.64,29.71,51.31,6.89,21.61,102.92
17.67,53.95,2.62,283.06,0,168.75,5.76,23.23,6.17,17.47,67.9
16.33,60.76,2.31,204.83,0,187.14,10.79,30.34,6.97,19.58,90.24
17.02,60.42,1.67,184.6,0,205.81,20.88,45.51,7.24,24.53,94.54
17.29,70.08,1.2,125.26,0,284.79,58.81,85.01,7.73,26.22,128.75
16.66,75.96,1.21,89.71,0,363.85,121.45,146.56,6.2,25.14,190.25
16.68,82.11,1.01,127.15,0,486.53,92.8,121.51,8.37,28.7,319.71
17.03,86.83,1.35,145.18,0,386.82,62.06,86.18,6.49,24.17,272.28
17.53,84.68,1.69,40.68,0,297.81,17.97,39.36,5.34,21.42,198.49
17.51,84.51,2.59,42.63,0,284.71,5.21,22.63,5.44,17.49,167.37
18.2,87.25,2.72,29.34,0,401.11,18.32,40.08,5.64,21.8,225.38
16.63,86.16,2.46,45.89,0,283.79,9.17,28.85,5.61,19.78,198.15
15.89,78.39,1.99,190.24,0,262.36,11.78,31.92,6.49,20.28,169.41
15.38,83.55,2.33,155.19,0,286.18,5.38,22.66,5.37,17.28,174.4
15.21,90.93,2,121.88,0,326.09,15.84,36.07,5.41,20.24,209.55
15.36,81.72,2.22,280.1,0,256.85,11.05,33.57,5.69,22.53,177.38
14.59,68.08,2.3,288.86,0,254.34,7.49,32.7,6.77,25.2,161.88
14.34,66.58,1.66,167.24,0,392.91,21.06,52.5,9.5,31.45,242.24
14.4,72.07,2.09,233.1,0,427.34,20.04,48.05,9.7,28.02,269.55
13.74,80.9,2.56,297.54,0,242.52,10.34,29.1,5.86,18.75,161.8
13.72,80.95,1.28,173.97,0,225.24,27.15,47.3,6.16,20.14,147
14.08,86.13,2.26,48.44,0,373.73,11.39,29.86,5.93,18.59,261
12.95,82.66,2.21,29.77,0,361.2,3.99,21.59,9.71,17.6,240.81
12.25,85.81,2.19,63.76,0,262.09,5.64,21.76,3.79,16.13,168.29
13.79,87.71,2.1,55.73,0,332.61,13.05,35.64,7.28,22.6,197.66
15.44,85.43,2.35,53.43,0,443.16,9.05,32.75,6.67,23.7,236.7
16.12,84.73,2.16,98.42,0,332.69,13.48,34.19,12.05,20.71,203.79
16.22,88.37,1.5,91.81,0,387.32,21.79,41.03,4,19.24,267.57
15.35,92.49,1.58,34.56,0,406.64,13.89,33.57,3.93,19.67,296.23
14.79,87.41,2.11,128.85,0,331.72,12.24,30.9,3.69,18.81,223.12
14.29,83.76,2.28,126.02,0,347.14,9.78,34.72,5.78,24.94,215.36
13.36,77.97,1.89,155.4,0,395,11.37,37.03,7.86,25.65,256.05
12.3,79.08,2.03,204.18,0,373.97,7.81,32.52,7.48,24.72,248.9
12.02,74.88,3.17,235.19,0,245.7,3.22,18.66,3.64,15.45,161.9
12.02,61.28,2.1,216.67,0,201.96,16.34,34.79,4.78,18.63,102.59
11.87,72.04,1.8,56.62,0,298.58,50.07,70.48,4.42,21.53,161.37
10.22,67.94,1.82,63.59,0,323.7,60.15,82.48,4.63,22.99,162.53
9.75,70.37,1.45,138.12,0,386.65,80.9,107.5,4.52,26.69,206.65
10.51,60.73,1.61,180.65,0,373.24,40.07,69.34,9.45,29.75,202.5
10.89,69.53,3.12,66.81,0,154.74,3.44,17.39,4.45,14.08,96.52
12.67,78.67,1.14,78.24,0,308.98,13.42,38.99,4.67,25.57,205.71
13.36,77.47,1.46,134.26,0,364.34,14.88,38.46,5.37,23.71,236.97
11.94,72.6,1.28,57.86,0,271.18,20.78,44.16,4.36,23.39,153.07
10.27,73.4,2.69,155.9,0,214.61,12.24,33.06,4.18,20.8,101.84
9.79,82.91,1.39,198.08,0,190.44,20.19,43,4.77,22.76,122.39
9.87,85.21,2.67,161.88,0,209.53,3.14,16.31,3.17,13.18,149.18
9.94,63.99,2.59,201.03,0,163.35,2.82,21.24,3.82,18.47,95.11
12.5,65.96,2.21,143.4,0,231.72,15.24,39.83,4.58,24.6,124.32
13.14,88.55,1.74,108.32,0.16,379.09,90.63,121.22,4.01,30.04,229.24
12.32,84.88,1.79,176.95,0.42,129.16,30.73,49,5.37,18.08,84.39
12.77,83.86,2.64,324.03,0.01,112.91,26.93,40.97,2.88,13.97,77.25
13.24,73.82,2.98,281.73,0,134.59,4.37,21.68,3.66,17.31,83.3
14.37,63.87,2.67,302.89,0,168.11,6,27.44,4.42,21.47,89.71
13.48,66.62,1.82,208.19,0,218.67,21.25,46.25,5.61,25.02,106.18
12.43,67.11,2.13,139.32,0,244.41,18.99,46.19,6.21,27.21,131.44
11.92,64.78,1.97,219.07,0,227.85,37.89,60.26,3.67,22.8,97.77
12.18,71.99,1.6,129.02,0,478.54,66.26,101.2,4.87,34.95,189.18
11.44,69.71,2.44,202.79,0,259.8,36.56,54.88,2.4,19.13,120.07
12.91,60.95,2.18,156.41,0,160.33,8.54,31.22,3.56,22.78,68.43
12.93,62.66,2.12,156.75,0,275.42,36.33,68.67,3.73,32.35,97.38
12.76,61.77,2.37,191.28,0,320.62,22.58,53.9,4.86,31.31,119.54
13.69,71.39,2.14,147.61,0,302.82,28.31,49.7,3.72,21.35,154.69
13.45,53.02,3.21,262.79,0,143.3,2.7,16.12,3.72,13.53,49.21
14,46.42,4.22,320.42,0,173.06,2.03,16.7,3.34,14.74,43.47
14.23,47.84,2.7,229.29,0,170.07,2.86,22.13,3.91,19.39,57.89
14.74,55.57,2.56,269.99,0,195.65,4.62,27.45,5.03,22.85,86.67
14.61,75.07,1.03,130.37,0,336.93,50.17,78.56,3.58,29.08,175.54
13.91,75.27,0.99,77.91,0,368.01,27.69,59.9,2.88,32.23,220.14
15.31,73.65,1.13,38.7,0,353.83,44.66,76.15,3.19,31.52,204.76
16.54,75.98,0.92,97.47,0,345.95,38.47,68.01,3.68,29.53,188.89
16.01,67.47,1.66,162.36,0,411.24,52.36,84.25,4,31.92,170.36
14.23,63.81,2.46,164.13,0,299.25,12.76,39.03,3.33,26.28,139.5
13.58,75.74,1.99,33.46,0,226.94,15.43,36.04,2.18,20.62,136.23
14.69,63.06,2.37,226.79,0,180.81,16.82,37.34,2.83,20.55,76.3
15.4,60.72,1.87,158.22,0,192.28,11.64,32.59,2.81,20.95,78.67
15.04,71,1.71,42.6,0,270.96,39.35,63.51,3.55,25.03,116.49
15.81,68.33,1.5,92.91,0,333.1,40.56,70.61,4.6,30.06,149.61
15.88,67.24,1.9,68.94,0,281.64,26.44,52.85,3.53,26.41,129.78
15.84,67.24,2.15,74.81,0,258.76,66.01,90.71,3.69,24.82,95.97
17.64,57.23,2.52,179,0,202.99,11.97,30.6,2.4,18.6,66.54
18.01,63.17,2.01,155.23,0,161,12.85,31.93,4.47,19.09,81
16.06,60.35,2.29,222.99,0,127.54,5.25,19.55,2.72,14.3,45.02
16.36,59.98,2.76,189.06,0,144.05,3.57,18.2,3.52,14.64,50.2
16.49,59.41,2.58,216.14,0,140.7,5.46,18.85,3.37,13.39,57.1
16.09,61,2.19,210.43,0,135.03,5.28,21.32,3.69,16.03,65.46
16.84,67.09,1.71,95.07,0,229.46,52.43,74.04,3.48,21.65,97
17.06,45.58,2.87,86.94,0,199.26,2.35,12.91,9.41,10.58,126.26
16.63,48.66,2.57,124.96,0,184,4.78,18.85,5.01,14.1,79.08
17.23,48.44,1.84,121.91,0,152.26,15.14,32.22,4.79,17.34,51.44
17.27,61.2,1.83,82.41,0,261.1,60.9,85.31,5.57,24.4,102.19
17.92,64.03,1.74,45.04,0,241.31,28.29,47.53,5.3,19.23,113.64
16.93,65.29,1.68,218.66,0,248.98,32.63,52.96,4.92,20.31,104.64
17.81,64.2,1.24,169.16,0,239.82,34.61,57.75,6.23,23.15,101.75
17.42,50.05,2.1,158.12,0,287.53,11.16,34.92,8.89,23.76,125.98
16.78,55.75,2.52,164.88,0,256.99,11.03,34.94,6.32,23.91,102.11
21.81,74.44,2.84,103.55,0.39,138.31,4.53,18.32,3.74,13.8,83.68
20.78,75.44,1.57,140.71,0,172.81,12.44,27.05,3.53,14.6,100.69
,77.11,2.4,158.28,0.55,181.6,16.71,30.14,3.19,13.41,82.24
19.95,75.9,2.73,52.9,0.01,68.22,3,9.63,1.88,6.64,46.84
18.23,72.02,1.34,123.17,0,151.3,9.13,23.75,3.38,14.61,81.04
18.52,67.9,1.64,134.56,0,192.54,19.28,32.7,3.63,13.42,79.29
18.09,69.49,2.12,195.33,0.04,221.81,18.16,36.01,4.93,17.86,101.01
18.35,68.03,2.35,132.54,0.01,101.17,7.79,19.48,2.78,11.76,43.78
19.39,59.95,2.32,95.76,0,175.76,4.56,13.17,2.86,8.68,63.84
17.93,62.55,2.08,192.47,0,128.93,3.92,14.01,4.12,10.13,57.93
15.98,61.18,1.74,129.11,0,181.27,15.22,28.17,4.04,13.12,74.94
16.41,59.37,1.54,161.27,0,232.8,12.33,30.6,5.22,18.26,102.84
15.84,64.08,3.22,144.97,0.14,171.3,10.04,21.05,3.59,11.01,73.81
15.67,72.54,2.21,150.36,0.1,59.73,3.66,14.13,3.26,10.47,33.82
16.5,72.04,1.89,144.6,0.01,127.39,6.93,20.52,3.67,13.6,64.48
17.13,68,1.76,159.33,0,165.75,12.72,25.62,2.74,12.91,76.67
16.91,65.13,1.8,95.1,0,166.6,8.96,19.04,2.67,10.09,66.14
17.3,58.52,2.35,152.86,0,108.39,3.36,14.04,1.93,10.68,42.45
17.65,54.56,1.86,189.53,0,147.5,3.21,11.37,6.04,8.17,46.07
17.1,48.57,2.84,104.43,0,138.98,4.05,4.89,2.22,1.24,31.29
17.54,39.56,2.07,269.22,0,158.47,4.39,5.27,2.64,1.11,30.31
18.39,45.71,1.52,242.35,0,183.46,6.19,7.27,3.95,1.27,60.06
17.73,49.47,1.36,218.95,0,226.41,12.78,13.6,4.62,1.33,87.99
16.28,48.11,1.3,209.33,0,243.64,10.82,11.81,6.23,1.35,100.62
16.34,48.78,1.58,214.18,0,304.01,21.26,22.14,7.29,1.78,123.05
17.43,43.84,1.98,274.91,0,233.26,10.03,11.03,6.67,1.3,74.3
18.26,46.98,1.4,247.18,0,274.47,21.41,22.04,6.26,1.58,88.41
18.34,45.4,1.51,269,0,319.73,27.47,29.07,7.99,4.74,110.22
18.32,45.14,1.18,217.62,0,340.41,27.78,49.5,7.49,21.62,129.91
18.66,43.06,1.66,229.3,0,287.78,26.27,53.55,7.49,27.27,100.24
20.19,42.98,1.34,261.78,0,285.42,46.4,70.7,6.27,24.33,77.13
18.77,47.04,1.64,212.78,0,286.45,57.04,81.28,4.82,22.71,75.28
18.99,44.57,3.37,124.46,0,277.02,3.51,15.23,3.47,11.64,53.97
19.01,47.59,2.4,219.8,0,154.91,10.51,24.22,3.42,13.72,35.96
19.92,43.11,2.87,160.77,0,177.23,2.65,15.65,4.14,13.09,39.78
20.89,37.19,2.8,117.99,0,166.15,1.75,11.59,4.34,9.83,39.46
20.82,40.74,3.54,160.44,0,146.54,3.1,17.2,2.06,13.81,25.24
21.12,48.28,1.85,168.19,0,212.68,11.88,32.71,6.61,20.83,70.55
24.72,44.2,2.74,160.5,0,185.08,2.98,18.97,5.4,16.07,55.58
33.01,49.45,1.31,182.51,0,291.99,27.8,57.31,6.19,29.46,100.7
34.44,46.3,2.46,190.98,0,296.79,22.06,47.62,4.62,26.21,91.58
33.12,52.24,1.93,211.71,0,206.82,9.5,32.68,6.04,23.18,82.17
32.66,52.56,2.09,240.29,0,248.24,29.27,55.13,3.95,26.13,69.19
31.44,62.15,2.52,128,0.02,118.38,6.57,21.16,2.41,14.59,53.53
31.72,79.62,2.41,95.05,0.15,77.55,2.35,13.77,2.7,11.45,55.05
32.15,75.03,2.87,81.44,0.03,88.39,2.65,13.77,3.16,11.15,52.43
29.53,78.51,2.31,121.31,0.43,122.73,6.36,21.56,3.68,15.41,75.22
29.3,70.45,0.85,140.16,0.03,181.94,7.14,23.12,3.36,16.1,93.79
30.62,63.14,0.67,249.65,0,279.45,36.1,58.75,4.22,22.84,110.71
30.98,56.05,0.97,277.55,0,263.52,22.57,45.46,6.56,22.49,114.69
31.56,50.88,1.87,161.48,0,239.1,17.83,38.93,4.37,21.14,85.8
30.04,53.25,1.54,192.02,0,190.85,9,29.83,3.31,20.8,68.84
30.08,50.9,0.79,186.78,0,252.11,10.35,26.5,4.99,16.14,107.82
28.55,42.17,1.14,184.26,0,223.54,14.09,31.36,5.32,17.33,93.61
26.35,49.94,0.6,209.95,0,427.42,71.21,104.48,6.69,33.32,161.33
27.42,43.68,0.88,159.72,0,319.15,11.2,35.82,5.2,23.12,110.81
27.24,46.89,0.58,155.22,0,344.34,44.34,73.47,7.77,29.09,123.63
28.82,42.05,2.04,133.45,0,319.84,33.04,62.27,7,29.71,110.51
30.16,38.93,1.78,213.72,0,195.47,4.99,22.1,3.74,17.12,34.23
30.59,39.65,2.37,220.3,0,555.09,2.57,22.64,2.8,20.5,122.24
31.85,43.96,1.66,191.97,0,319.96,7.57,28.31,4.89,20.82,79.18
31.93,58.68,2.94,122.5,0.04,121.92,2.11,14.36,2.61,12.33,39.07
31.7,49.21,0.92,224.71,0,164.86,2.09,16.27,3.98,14.37,60.43
31.19,49.17,0.84,247.94,0,219.55,27.64,49.21,5.3,21.39,68.32
30.88,46.94,0.79,159.97,0,292.64,92.4,125.07,6.55,32.75,90.84
33.53,38.44,1.21,272.71,0,254.4,19.36,44.91,3.93,24.97,55.94
33.71,36.5,2.16,251.14,0,238.11,9.02,23.6,3.93,14.85,42.61
34.41,53.3,3.27,164.97,0,148.23,3.02,14.75,2.58,11.79,27.12
34.87,47.76,3.07,142.62,0,106.89,2.1,6.88,2.35,4.71,25.11
35,52.15,1.82,172.82,0,90.47,6.36,26.22,2.61,19.39,23.1
34.3,66,1.89,182.82,0,92.14,11.57,33.41,1.96,21.57,30.86
32.04,62.7,0.83,183.33,0,221.15,11.46,29.36,4.07,17.89,99.86
33.26,69.35,1.81,125.09,0,140.83,2.86,15.04,2.82,12.33,39.13
33.52,64.42,1.31,197.87,0.02,89.33,4.8,18.44,2.34,13.66,40.21
35.25,73.99,1.09,250.42,0,65.83,5.04,16.32,1.79,11.34,34.7
